date,sales,promotion,day_of_week,month,year,sales_lag_1,sales_lag_7,sales_lag_14,sales_lag_28
2014-04-29,326382.348,0.0019452001736319393,1,4,2014,362276.917,370687.249,364694.055,485079.887
2014-04-30,357097.965,0.0030957387281666526,2,4,2014,326382.348,372236.595,411357.085,463919.316
2014-05-01,530403.848,0.013085843977512019,3,5,2014,357097.965,320883.4779,397473.8429,388867.9614
2014-05-02,443287.8914,0.0057157618088730855,4,5,2014,530403.848,357179.7085,394393.1841,422583.7449
2014-05-03,610393.749,0.0019784737343370145,5,5,2014,443287.8914,497352.735,496904.749,617682.194
2014-05-04,646221.864,0.0021537989930962786,6,5,2014,610393.749,560556.421,520127.523,631889.251
2014-05-05,427667.704,0.003180979034133473,0,5,2014,646221.864,362276.917,398689.397,426098.104
2014-05-06,388949.89,0.0033346609250872908,1,5,2014,427667.704,326382.348,370687.249,376672.272
2014-05-07,391937.184,0.002890366227665707,2,5,2014,388949.89,357097.965,372236.595,375309.082
2014-05-08,337491.7132,0.012370327438309379,3,5,2014,391937.184,530403.848,320883.4779,334057.704
2014-05-09,381336.1961,0.006559330128063865,4,5,2014,337491.7132,443287.8914,357179.7085,379649.8459
2014-05-10,577020.829,0.001307746552767855,5,5,2014,381336.1961,610393.749,497352.735,529920.923
2014-05-11,454527.502,0.0021069880167559145,6,5,2014,577020.829,646221.864,560556.421,540194.282
2014-05-12,398254.2,0.00249295299333943,0,5,2014,454527.502,427667.704,362276.917,381399.309
2014-05-13,360764.523,0.0021408756980242204,1,5,2014,398254.2,388949.89,326382.348,364694.055
2014-05-14,356381.807,0.00437620823893516,2,5,2014,360764.523,391937.184,357097.965,411357.085
2014-05-15,332280.6357,0.015514984763224347,3,5,2014,356381.807,337491.7132,530403.848,397473.8429
2014-05-16,380823.7426,0.037090801911571776,4,5,2014,332280.6357,381336.1961,443287.8914,394393.1841
2014-05-17,537875.964,0.0028400190791942506,5,5,2014,380823.7426,577020.829,610393.749,496904.749
2014-05-18,634522.737,0.0030738599048815494,6,5,2014,537875.964,454527.502,646221.864,520127.523
2014-05-19,388817.745,0.0024883097863756193,0,5,2014,634522.737,398254.2,427667.704,398689.397
2014-05-20,354387.34,0.0036739658927996692,1,5,2014,388817.745,360764.523,388949.89,370687.249
2014-05-21,356898.483,0.00561448449754268,2,5,2014,354387.34,356381.807,391937.184,372236.595
2014-05-22,310664.1426,0.041373252453371485,3,5,2014,356898.483,332280.6357,337491.7132,320883.4779
2014-05-23,349552.8927,0.037980669813521474,4,5,2014,310664.1426,380823.7426,381336.1961,357179.7085
2014-05-24,516629.262,0.007177702218501128,5,5,2014,349552.8927,537875.964,577020.829,497352.735
2014-05-25,573430.21,0.005222354783156612,6,5,2014,516629.262,634522.737,454527.502,560556.421
2014-05-26,373838.086,0.005735675631508556,0,5,2014,573430.21,388817.745,398254.2,362276.917
2014-05-27,327643.143,0.0046939850042886444,1,5,2014,373838.086,354387.34,360764.523,326382.348
2014-05-28,338482.784,0.00487958052247644,2,5,2014,327643.143,356898.483,356381.807,357097.965
2014-05-29,326631.5774,0.0404672999016659,3,5,2014,338482.784,310664.1426,332280.6357,530403.848
2014-05-30,375800.388,0.035619800903451966,4,5,2014,326631.5774,349552.8927,380823.7426,443287.8914
2014-05-31,597196.468,0.006235567689258336,5,5,2014,375800.388,516629.262,537875.964,610393.749
2014-06-01,742733.83,0.0021805792796593094,6,6,2014,597196.468,573430.21,634522.737,646221.864
2014-06-02,512727.773,0.005306997481488096,0,6,2014,742733.83,373838.086,388817.745,427667.704
2014-06-03,443637.514,0.006184666340006585,1,6,2014,512727.773,327643.143,354387.34,388949.89
2014-06-04,423304.495,0.005125527901611345,2,6,2014,443637.514,338482.784,356898.483,391937.184
2014-06-05,359478.5978,0.04085159197202143,3,6,2014,423304.495,326631.5774,310664.1426,337491.7132
2014-06-06,391781.1253,0.03478792141802039,4,6,2014,359478.5978,375800.388,349552.8927,381336.1961
2014-06-07,557146.461,0.00382374321498203,5,6,2014,391781.1253,597196.468,516629.262,577020.829
2014-06-08,626026.957,0.00430038031093923,6,6,2014,557146.461,742733.83,573430.21,454527.502
2014-06-09,415839.729,0.0036083348832694146,0,6,2014,626026.957,512727.773,373838.086,398254.2
2014-06-10,351709.423,0.0069194336030058545,1,6,2014,415839.729,443637.514,327643.143,360764.523
2014-06-11,373840.164,0.006286448665264335,2,6,2014,351709.423,423304.495,338482.784,356381.807
2014-06-12,329523.0674,0.05387141525497951,3,6,2014,373840.164,359478.5978,326631.5774,332280.6357
2014-06-13,392314.3748,0.041805661616047415,4,6,2014,329523.0674,391781.1253,375800.388,380823.7426
2014-06-14,622073.732,0.007238244870947227,5,6,2014,392314.3748,557146.461,597196.468,537875.964
2014-06-15,441315.486,0.007226977301222555,6,6,2014,622073.732,626026.957,742733.83,634522.737
2014-06-16,447454.24,0.009260676577788157,0,6,2014,441315.486,415839.729,512727.773,388817.745
2014-06-17,380398.036,0.011276009847748006,1,6,2014,447454.24,351709.423,443637.514,354387.34
2014-06-18,373410.664,0.01389743652313047,2,6,2014,380398.036,373840.164,423304.495,356898.483
2014-06-19,332301.935,0.06175842159932051,3,6,2014,373410.664,329523.0674,359478.5978,310664.1426
2014-06-20,369207.7896,0.06210221627458317,4,6,2014,332301.935,392314.3748,391781.1253,349552.8927
2014-06-21,538613.855,0.010080474071726209,5,6,2014,369207.7896,622073.732,557146.461,516629.262
2014-06-22,591185.124,0.008426277654442468,6,6,2014,538613.855,441315.486,626026.957,573430.21
2014-06-23,414933.636,0.005512305587103573,0,6,2014,591185.124,447454.24,415839.729,373838.086
2014-06-24,340468.745,0.005860394028238921,1,6,2014,414933.636,380398.036,351709.423,327643.143
2014-06-25,355349.398,0.009104866979400371,2,6,2014,340468.745,373410.664,373840.164,338482.784
2014-06-26,315801.181,0.05688173788051794,3,6,2014,355349.398,332301.935,329523.0674,326631.5774
2014-06-27,370796.5734,0.08475673524117848,4,6,2014,315801.181,369207.7896,392314.3748,375800.388
2014-06-28,510897.814,0.009262261200436455,5,6,2014,370796.5734,538613.855,622073.732,597196.468
2014-06-29,567218.885,0.007027983562289186,6,6,2014,510897.814,591185.124,441315.486,742733.83
2014-06-30,429324.055,0.00909844196827033,0,6,2014,567218.885,414933.636,447454.24,512727.773
2014-07-01,720503.617,0.052769123017462935,1,7,2014,429324.055,340468.745,380398.036,443637.514
2014-07-02,747441.1483,0.170339134110527,2,7,2014,720503.617,355349.398,373410.664,423304.495
2014-07-03,583856.7208,0.04400323587060437,3,7,2014,747441.1483,315801.181,332301.935,359478.5978
2014-07-04,595481.3132,0.09247428555580071,4,7,2014,583856.7208,370796.5734,369207.7896,391781.1253
2014-07-05,817309.11,0.011923913340449612,5,7,2014,595481.3132,510897.814,538613.855,557146.461
2014-07-06,918277.596,0.010901483433338605,6,7,2014,817309.11,567218.885,591185.124,626026.957
2014-07-07,640003.261,0.009218406154339892,0,7,2014,918277.596,429324.055,414933.636,415839.729
2014-07-08,557300.2775,0.05627355173890076,1,7,2014,640003.261,720503.617,340468.745,351709.423
2014-07-09,574488.1542,0.191753872024399,2,7,2014,557300.2775,747441.1483,355349.398,373840.164
2014-07-10,498063.549,0.04837549354570415,3,7,2014,574488.1542,583856.7208,315801.181,329523.0674
2014-07-11,535648.1829,0.09679620253594629,4,7,2014,498063.549,595481.3132,370796.5734,392314.3748
2014-07-12,756702.2779999999,0.010218478554652905,5,7,2014,535648.1829,817309.11,510897.814,622073.732
2014-07-13,733789.78,0.013928622718076013,6,7,2014,756702.2779999999,918277.596,567218.885,441315.486
2014-07-14,584890.339,0.011788989388658716,0,7,2014,733789.78,640003.261,429324.055,447454.24
2014-07-15,562863.027,0.060760100343204816,1,7,2014,584890.339,557300.2775,720503.617,380398.036
2014-07-16,621342.494,0.19946742931121658,2,7,2014,562863.027,574488.1542,747441.1483,373410.664
2014-07-17,498316.705,0.04887694463303212,3,7,2014,621342.494,498063.549,583856.7208,332301.935
2014-07-18,547627.059,0.10252559488664711,4,7,2014,498316.705,535648.1829,595481.3132,369207.7896
2014-07-19,728996.226,0.013590138942639739,5,7,2014,547627.059,756702.2779999999,817309.11,538613.855
2014-07-20,776507.118,0.011907612674324513,6,7,2014,728996.226,733789.78,918277.596,591185.124
2014-07-21,600228.512,0.009925159969741656,0,7,2014,776507.118,584890.339,640003.261,414933.636
2014-07-22,530279.04,0.057361460109756554,1,7,2014,600228.512,562863.027,557300.2775,340468.745
2014-07-23,574168.636,0.20541201592209574,2,7,2014,530279.04,621342.494,574488.1542,355349.398
2014-07-24,484621.817,0.04529688146499604,3,7,2014,574168.636,498316.705,498063.549,315801.181
2014-07-25,579769.724,0.09729318152529123,4,7,2014,484621.817,547627.059,535648.1829,370796.5734
2014-07-26,688919.55,0.011273041968398196,5,7,2014,579769.724,728996.226,756702.2779999999,510897.814
2014-07-27,747308.867,0.010270405369082821,6,7,2014,688919.55,776507.118,733789.78,567218.885
2014-07-28,583943.907,0.010664996972046495,0,7,2014,747308.867,600228.512,584890.339,429324.055
2014-07-29,524752.325,0.05653921971665395,1,7,2014,583943.907,530279.04,562863.027,720503.617
2014-07-30,578067.9652,0.20872315413336454,2,7,2014,524752.325,574168.636,621342.494,747441.1483
2014-07-31,532444.558,0.043668901579796034,3,7,2014,578067.9652,484621.817,498316.705,583856.7208
2014-08-01,506833.795,0.1267513820778269,4,8,2014,532444.558,579769.724,547627.059,595481.3132
2014-08-02,626540.638,0.009150871710894513,5,8,2014,506833.795,688919.55,728996.226,817309.11
2014-08-03,625898.206,0.010065235751770154,6,8,2014,626540.638,747308.867,776507.118,918277.596
2014-08-04,471185.304,0.008197259055430981,0,8,2014,625898.206,583943.907,600228.512,640003.261
2014-08-05,417212.476,0.007271769600677042,1,8,2014,471185.304,524752.325,530279.04,557300.2775
2014-08-06,402915.371,0.009306304176715064,2,8,2014,417212.476,578067.9652,574168.636,574488.1542
2014-08-07,359708.533,0.06423864012144521,3,8,2014,402915.371,532444.558,484621.817,498063.549
2014-08-08,397764.939,0.13888070713039893,4,8,2014,359708.533,506833.795,579769.724,535648.1829
2014-08-09,496195.787,0.01572244102910934,5,8,2014,397764.939,626540.638,688919.55,756702.2779999999
2014-08-10,509681.765,0.016317491758803652,6,8,2014,496195.787,625898.206,747308.867,733789.78
2014-08-11,409553.125,0.013571301647374806,0,8,2014,509681.765,471185.304,583943.907,584890.339
2014-08-12,353902.212,0.013161062129784032,1,8,2014,409553.125,417212.476,524752.325,562863.027
2014-08-13,372127.545,0.01623510562756111,2,8,2014,353902.212,402915.371,578067.9652,621342.494
2014-08-14,340742.817,0.06584392650601349,3,8,2014,372127.545,359708.533,532444.558,498316.705
2014-08-15,402632.84,0.14424944323965228,4,8,2014,340742.817,397764.939,506833.795,547627.059
2014-08-16,533998.155,0.014632029955234582,5,8,2014,402632.84,496195.787,626540.638,728996.226
2014-08-17,564467.173,0.015409436396047074,6,8,2014,533998.155,509681.765,625898.206,776507.118
2014-08-18,433071.299,0.013027780905887276,0,8,2014,564467.173,409553.125,471185.304,600228.512
2014-08-19,379340.953,0.014031371930464888,1,8,2014,433071.299,353902.212,417212.476,530279.04
2014-08-20,398159.791,0.014844339216563432,2,8,2014,379340.953,372127.545,402915.371,574168.636
2014-08-21,355126.875,0.0665999074274511,3,8,2014,398159.791,340742.817,359708.533,484621.817
2014-08-22,388376.8984,0.14712443050912424,4,8,2014,355126.875,402632.84,397764.939,579769.724
2014-08-23,499678.208,0.01911056325274045,5,8,2014,388376.8984,533998.155,496195.787,688919.55
2014-08-24,528991.561,0.019709960930737798,6,8,2014,499678.208,564467.173,509681.765,747308.867
2014-08-25,412258.477,0.016561376856782013,0,8,2014,528991.561,433071.299,409553.125,583943.907
2014-08-26,355055.908,0.015617762935520566,1,8,2014,412258.477,379340.953,353902.212,524752.325
2014-08-27,366324.498,0.017070995890643384,2,8,2014,355055.908,398159.791,372127.545,578067.9652
2014-08-28,327921.427,0.06251915950585321,3,8,2014,366324.498,355126.875,340742.817,532444.558
2014-08-29,403566.917,0.13652608694879714,4,8,2014,327921.427,388376.8984,402632.84,506833.795
2014-08-30,586373.694,0.009395071873739275,5,8,2014,403566.917,499678.208,533998.155,626540.638
2014-08-31,660090.183,0.010057225771527647,6,8,2014,586373.694,528991.561,564467.173,625898.206
2014-09-01,812534.2279999999,0.00934953967256134,0,9,2014,660090.183,412258.477,433071.299,471185.304
2014-09-02,717362.553,0.053263696076982156,1,9,2014,812534.2279999999,355055.908,379340.953,417212.476
2014-09-03,726710.757,0.1984346875437816,2,9,2014,717362.553,366324.498,398159.791,402915.371
2014-09-04,551343.819,0.061531927684492636,3,9,2014,726710.757,327921.427,355126.875,359708.533
2014-09-05,603045.2419,0.11369156779014791,4,9,2014,551343.819,403566.917,388376.8984,397764.939
2014-09-06,870142.446,0.01788928706047745,5,9,2014,603045.2419,586373.694,499678.208,496195.787
2014-09-07,997976.078,0.02096270287552925,6,9,2014,870142.446,660090.183,528991.561,509681.765
2014-09-08,648670.29,0.021430560662798352,0,9,2014,997976.078,812534.2279999999,412258.477,409553.125
2014-09-09,562460.081,0.0691184926953065,1,9,2014,648670.29,717362.553,355055.908,353902.212
2014-09-10,612999.472,0.22588958608434173,2,9,2014,562460.081,726710.757,366324.498,372127.545
2014-09-11,483468.957,0.06228375485957002,3,9,2014,612999.472,551343.819,327921.427,340742.817
2014-09-12,564384.848,0.1101291312483995,4,9,2014,483468.957,603045.2419,403566.917,402632.84
2014-09-13,795803.238,0.020247682128682165,5,9,2014,564384.848,870142.446,586373.694,533998.155
2014-09-14,896514.623,0.02281433060350651,6,9,2014,795803.238,997976.078,660090.183,564467.173
2014-09-15,630718.293,0.022628397112306367,0,9,2014,896514.623,648670.29,812534.2279999999,433071.299
2014-09-16,608279.908,0.06994535482832354,1,9,2014,630718.293,562460.081,717362.553,379340.953
2014-09-17,617490.344,0.22827193877545068,2,9,2014,608279.908,612999.472,726710.757,398159.791
2014-09-18,479503.843,0.061885020179077065,3,9,2014,617490.344,483468.957,551343.819,355126.875
2014-09-19,550218.631,0.11081323234945127,4,9,2014,479503.843,564384.848,603045.2419,388376.8984
2014-09-20,808504.834,0.018609635177518305,5,9,2014,550218.631,795803.238,870142.446,499678.208
2014-09-21,901425.451,0.021970494596119407,6,9,2014,808504.834,896514.623,997976.078,528991.561
2014-09-22,589129.294,0.02016273188411507,0,9,2014,901425.451,630718.293,648670.29,412258.477
2014-09-23,559956.304,0.06592907292280435,1,9,2014,589129.294,608279.908,562460.081,355055.908
2014-09-24,598188.1147,0.2215122295876,2,9,2014,559956.304,617490.344,612999.472,366324.498
2014-09-25,467071.377,0.05190698080392111,3,9,2014,598188.1147,479503.843,483468.957,327921.427
2014-09-26,515484.224,0.10547883420773708,4,9,2014,467071.377,550218.631,564384.848,403566.917
2014-09-27,781204.368,0.011998560663449849,5,9,2014,515484.224,808504.834,795803.238,586373.694
2014-09-28,886531.79,0.014460172939765646,6,9,2014,781204.368,901425.451,896514.623,660090.183
2014-09-29,586690.822,0.011604350613141174,0,9,2014,886531.79,589129.294,630718.293,812534.2279999999
2014-09-30,599109.9157,0.054505589282137126,1,9,2014,586690.822,559956.304,608279.908,717362.553
2014-10-01,784528.2548,0.19102220102729692,2,10,2014,599109.9157,598188.1147,617490.344,726710.757
2014-10-02,634325.519,0.05419370492013896,3,10,2014,784528.2548,467071.377,479503.843,551343.819
2014-10-03,675722.295,0.10279082770237735,4,10,2014,634325.519,515484.224,550218.631,603045.2419
2014-10-04,931318.513,0.013835126028467554,5,10,2014,675722.295,781204.368,808504.834,870142.446
2014-10-05,985467.963,0.014800704383730434,6,10,2014,931318.513,886531.79,901425.451,997976.078
2014-10-06,641512.757,0.01191156670949881,0,10,2014,985467.963,586690.822,589129.294,648670.29
2014-10-07,586494.271,0.056838519399620875,1,10,2014,641512.757,599109.9157,559956.304,562460.081
2014-10-08,620211.3237,0.2027277416508737,2,10,2014,586494.271,784528.2548,598188.1147,612999.472
2014-10-09,510540.923,0.050277237031594424,3,10,2014,620211.3237,634325.519,467071.377,483468.957
2014-10-10,702477.318,0.0977458449412882,4,10,2014,510540.923,675722.295,515484.224,564384.848
2014-10-11,748319.588,0.01013159767775583,5,10,2014,702477.318,931318.513,781204.368,795803.238
2014-10-12,843986.133,0.011473161253942071,6,10,2014,748319.588,985467.963,886531.79,896514.623
2014-10-13,611759.926,0.009806256907386903,0,10,2014,843986.133,641512.757,586690.822,630718.293
2014-10-14,550643.5733,0.05913814775834777,1,10,2014,611759.926,586494.271,599109.9157,608279.908
2014-10-15,624828.4692,0.21608670163968255,2,10,2014,550643.5733,620211.3237,784528.2548,617490.344
2014-10-16,538274.607,0.053191840424305956,3,10,2014,624828.4692,510540.923,634325.519,479503.843
2014-10-17,558553.136,0.10500168778928849,4,10,2014,538274.607,702477.318,675722.295,550218.631
2014-10-18,820845.135,0.011081985641542481,5,10,2014,558553.136,748319.588,931318.513,808504.834
2014-10-19,935412.596,0.01061614526302573,6,10,2014,820845.135,843986.133,985467.963,901425.451
2014-10-20,624643.991,0.008848915669789896,0,10,2014,935412.596,611759.926,641512.757,589129.294
2014-10-21,542212.1653,0.05297309031070535,1,10,2014,624643.991,550643.5733,586494.271,559956.304
2014-10-22,584953.356,0.2184330950312558,2,10,2014,542212.1653,624828.4692,620211.3237,598188.1147
2014-10-23,492247.716,0.050977429014622384,3,10,2014,584953.356,538274.607,510540.923,467071.377
2014-10-24,528416.646,0.1041994237251943,4,10,2014,492247.716,558553.136,702477.318,515484.224
2014-10-25,758937.231,0.013764733858471096,5,10,2014,528416.646,820845.135,748319.588,781204.368
2014-10-26,892132.867,0.012938572747370824,6,10,2014,758937.231,935412.596,843986.133,886531.79
2014-10-27,572845.902,0.008860613268382951,0,10,2014,892132.867,624643.991,611759.926,586690.822
2014-10-28,512718.81169999996,0.05728559656825246,1,10,2014,572845.902,542212.1653,550643.5733,599109.9157
2014-10-29,560832.678,0.21521247376387723,2,10,2014,512718.81169999996,584953.356,624828.4692,784528.2548
2014-10-30,459731.2661,0.0474144823451241,3,10,2014,560832.678,492247.716,538274.607,634325.519
2014-10-31,561900.866,0.0996690882480327,4,10,2014,459731.2661,528416.646,558553.136,675722.295
2014-11-01,873556.545,0.014800017324579714,5,11,2014,561900.866,758937.231,820845.135,931318.513
2014-11-02,709853.492,0.014547948437788344,6,11,2014,873556.545,892132.867,935412.596,985467.963
2014-11-03,973202.042,0.010962183122916217,0,11,2014,709853.492,572845.902,624643.991,641512.757
2014-11-04,702754.9537,0.04986699249217971,1,11,2014,973202.042,512718.81169999996,542212.1653,586494.271
2014-11-05,718875.939,0.19936665177494553,2,11,2014,702754.9537,560832.678,584953.356,620211.3237
2014-11-06,566237.953,0.05033888464908321,3,11,2014,718875.939,459731.2661,492247.716,510540.923
2014-11-07,585332.713,0.09596344566513235,4,11,2014,566237.953,561900.866,528416.646,702477.318
2014-11-08,816103.645,0.012481294578705136,5,11,2014,585332.713,873556.545,758937.231,748319.588
2014-11-09,941485.422,0.014129856595910201,6,11,2014,816103.645,709853.492,892132.867,843986.133
2014-11-10,593382.793,0.009441402861845373,0,11,2014,941485.422,973202.042,572845.902,611759.926
2014-11-11,552514.7503,0.05805415327388772,1,11,2014,593382.793,702754.9537,512718.81169999996,550643.5733
2014-11-12,588110.484,0.21091587954075647,2,11,2014,552514.7503,718875.939,560832.678,624828.4692
2014-11-13,468098.937,0.051157208673601406,3,11,2014,588110.484,566237.953,459731.2661,538274.607
2014-11-14,553010.412,0.09738108511418045,4,11,2014,468098.937,585332.713,561900.866,558553.136
2014-11-15,786158.201,0.016382150543768226,5,11,2014,553010.412,816103.645,873556.545,820845.135
2014-11-16,956619.511,0.015143255843545093,6,11,2014,786158.201,941485.422,709853.492,935412.596
2014-11-17,620930.34,0.013673327671506598,0,11,2014,956619.511,593382.793,973202.042,624643.991
2014-11-18,553393.2043,0.059361605355369565,1,11,2014,620930.34,552514.7503,702754.9537,542212.1653
2014-11-19,580242.0113,0.2155394190086284,2,11,2014,553393.2043,588110.484,718875.939,584953.356
2014-11-20,511866.761,0.05406969959512569,3,11,2014,580242.0113,468098.937,566237.953,492247.716
2014-11-21,567988.733,0.09840537981234919,4,11,2014,511866.761,553010.412,585332.713,528416.646
2014-11-22,763743.87,0.01413977830028279,5,11,2014,567988.733,786158.201,816103.645,758937.231
2014-11-23,907433.97,0.014959881874380347,6,11,2014,763743.87,956619.511,941485.422,892132.867
2014-11-24,610939.957,0.011720929230366248,0,11,2014,907433.97,620930.34,593382.793,572845.902
2014-11-25,541294.608,0.06112392126396352,1,11,2014,610939.957,553393.2043,552514.7503,512718.81169999996
2014-11-26,579210.306,0.2179107185982979,2,11,2014,541294.608,580242.0113,588110.484,560832.678
2014-11-27,475843.637,0.050698584837859245,3,11,2014,579210.306,511866.761,468098.937,459731.2661
2014-11-28,559635.825,0.10271262566151837,4,11,2014,475843.637,567988.733,553010.412,561900.866
2014-11-29,850926.105,0.014578893428119707,5,11,2014,559635.825,763743.87,786158.201,873556.545
2014-11-30,1023702.282,0.013840850263924682,6,11,2014,850926.105,907433.97,956619.511,709853.492
2014-12-01,817435.562,0.020059519994311187,0,12,2014,1023702.282,610939.957,620930.34,973202.042
2014-12-02,735329.184,0.05717721112507891,1,12,2014,817435.562,541294.608,553393.2043,702754.9537
2014-12-03,715144.6146,0.19131975436398677,2,12,2014,735329.184,579210.306,580242.0113,718875.939
2014-12-04,579121.517,0.05682886239573102,3,12,2014,715144.6146,475843.637,511866.761,566237.953
2014-12-05,635580.153,0.09663036315735932,4,12,2014,579121.517,559635.825,567988.733,585332.713
2014-12-06,829576.706,0.017577371561346613,5,12,2014,635580.153,850926.105,763743.87,816103.645
2014-12-07,1013905.808,0.01690425763889105,6,12,2014,829576.706,1023702.282,907433.97,941485.422
2014-12-08,790392.291,0.011681498042343636,0,12,2014,1013905.808,817435.562,610939.957,593382.793
2014-12-09,665163.963,0.055493090505866746,1,12,2014,790392.291,735329.184,541294.608,552514.7503
2014-12-10,732159.0331,0.20756239304534235,2,12,2014,665163.963,715144.6146,579210.306,588110.484
2014-12-11,580645.294,0.058062792118315186,3,12,2014,732159.0331,579121.517,475843.637,468098.937
2014-12-12,642825.387,0.09998028438164344,4,12,2014,580645.294,635580.153,559635.825,553010.412
2014-12-13,854838.906,0.025807389959857537,5,12,2014,642825.387,829576.706,850926.105,786158.201
2014-12-14,999116.133,0.028597147074593376,6,12,2014,854838.906,1013905.808,1023702.282,956619.511
2014-12-15,790190.946,0.025681072534080897,0,12,2014,999116.133,790392.291,817435.562,620930.34
2014-12-16,799100.263,0.06031223393553056,1,12,2014,790190.946,665163.963,735329.184,553393.2043
2014-12-17,780060.499,0.18744635343982471,2,12,2014,799100.263,732159.0331,715144.6146,580242.0113
2014-12-18,731958.276,0.07222374516877517,3,12,2014,780060.499,580645.294,579121.517,511866.761
2014-12-19,757418.376,0.11416357160048622,4,12,2014,731958.276,642825.387,635580.153,567988.733
2014-12-20,935656.992,0.06372589475609883,5,12,2014,757418.376,854838.906,829576.706,763743.87
2014-12-21,1056614.235,0.059963042235561016,6,12,2014,935656.992,999116.133,1013905.808,907433.97
2014-12-22,1008351.346,0.07211282484865152,0,12,2014,1056614.235,790190.946,790392.291,610939.957
2014-12-23,1065941.9740000002,0.10096446863438739,1,12,2014,1008351.346,799100.263,665163.963,541294.608
2014-12-24,966060.872,0.18437410639688964,2,12,2014,1065941.9740000002,780060.499,732159.0331,579210.306
2014-12-26,872122.3,0.10988339479451449,4,12,2014,966060.872,731958.276,580645.294,475843.637
2014-12-27,740620.875,0.04859726509869169,5,12,2014,872122.3,757418.376,642825.387,559635.825
2014-12-28,716332.635,0.0563512983043136,6,12,2014,740620.875,935656.992,854838.906,850926.105
2014-12-29,774079.401,0.058180652968958156,0,12,2014,716332.635,1056614.235,999116.133,1023702.282
2014-12-30,912972.533,0.0861014610611511,1,12,2014,774079.401,1008351.346,790190.946,817435.562
2014-12-31,844387.803,0.1833464889591732,2,12,2014,912972.533,1065941.9740000002,799100.263,735329.184
2015-01-01,12773.617,0.01412880940457194,3,1,2015,844387.803,966060.872,780060.499,715144.6146
2015-01-02,657792.392,0.12293571039052091,4,1,2015,12773.617,872122.3,731958.276,579121.517
2015-01-03,648943.665,0.029671822129583466,5,1,2015,657792.392,740620.875,757418.376,635580.153
2015-01-04,730926.776,0.028830125933161876,6,1,2015,648943.665,716332.635,935656.992,829576.706
2015-01-05,569299.496,0.027019431965209395,0,1,2015,730926.776,774079.401,1056614.235,1013905.808
2015-01-06,477892.024,0.02734143978933618,1,1,2015,569299.496,912972.533,1008351.346,790392.291
2015-01-07,494167.918,0.030198542755258344,2,1,2015,477892.024,844387.803,1065941.9740000002,665163.963
2015-01-08,417505.133,0.07405833499057843,3,1,2015,494167.918,12773.617,966060.872,732159.0331
2015-01-09,439385.226,0.14229326181304056,4,1,2015,417505.133,657792.392,872122.3,580645.294
2015-01-10,569978.908,0.017157164699855874,5,1,2015,439385.226,648943.665,740620.875,642825.387
2015-01-11,694877.34,0.01862240751727492,6,1,2015,569978.908,730926.776,716332.635,854838.906
2015-01-12,442851.544,0.02011009359831881,0,1,2015,694877.34,569299.496,774079.401,999116.133
2015-01-13,393801.993,0.030636635198542532,1,1,2015,442851.544,477892.024,912972.533,790190.946
2015-01-14,400937.971,0.0434206616963201,2,1,2015,393801.993,494167.918,844387.803,799100.263
2015-01-15,371202.145,0.06908415090112155,3,1,2015,400937.971,417505.133,12773.617,780060.499
2015-01-16,423624.936,0.14011432273193664,4,1,2015,371202.145,439385.226,657792.392,731958.276
2015-01-17,621876.434,0.01615718244116644,5,1,2015,423624.936,569978.908,648943.665,757418.376
2015-01-18,678279.031,0.011309599220088526,6,1,2015,621876.434,694877.34,730926.776,935656.992
2015-01-19,448218.897,0.013355840282655464,0,1,2015,678279.031,442851.544,569299.496,1056614.235
2015-01-20,405308.777,0.013133764433628339,1,1,2015,448218.897,393801.993,477892.024,1008351.346
2015-01-21,413205.592,0.016294861759760502,2,1,2015,405308.777,400937.971,494167.918,1065941.9740000002
2015-01-22,364866.539,0.06935325467047007,3,1,2015,413205.592,371202.145,417505.133,966060.872
2015-01-23,416942.182,0.14138751017521178,4,1,2015,364866.539,423624.936,439385.226,872122.3
2015-01-24,588853.871,0.014800668602550462,5,1,2015,416942.182,621876.434,569978.908,740620.875
2015-01-25,631625.951,0.013435374190317269,6,1,2015,588853.871,678279.031,694877.34,716332.635
2015-01-26,410037.618,0.011968301893705761,0,1,2015,631625.951,448218.897,442851.544,774079.401
2015-01-27,360020.397,0.014615430247414565,1,1,2015,410037.618,405308.777,393801.993,912972.533
2015-01-28,376935.916,0.01544549020900412,2,1,2015,360020.397,413205.592,400937.971,844387.803
2015-01-29,343153.677,0.07561210250415006,3,1,2015,376935.916,364866.539,371202.145,12773.617
2015-01-30,435912.672,0.14417955484441616,4,1,2015,343153.677,416942.182,423624.936,657792.392
2015-01-31,656211.842,0.016962315044598053,5,1,2015,435912.672,588853.871,621876.434,648943.665
2015-02-01,815295.476,0.014917428537282843,6,2,2015,656211.842,631625.951,678279.031,730926.776
2015-02-02,538303.887,0.014982379274552779,0,2,2015,815295.476,410037.618,448218.897,569299.496
2015-02-03,475250.843,0.013667363447475253,1,2,2015,538303.887,360020.397,405308.777,477892.024
2015-02-04,452146.147,0.01780474311992755,2,2,2015,475250.843,376935.916,413205.592,494167.918
2015-02-05,407492.968,0.06771479796431727,3,2,2015,452146.147,343153.677,364866.539,417505.133
2015-02-06,437171.135,0.13844510342614455,4,2,2015,407492.968,435912.672,416942.182,439385.226
2015-02-07,599912.595,0.016793501393315473,5,2,2015,437171.135,656211.842,588853.871,569978.908
2015-02-08,622995.232,0.016088055710834076,6,2,2015,599912.595,815295.476,631625.951,694877.34
2015-02-09,458006.152,0.01807866982537824,0,2,2015,622995.232,538303.887,410037.618,442851.544
2015-02-10,400830.76,0.01770377602756834,1,2,2015,458006.152,475250.843,360020.397,393801.993
2015-02-11,400118.489,0.019883540048058115,2,2,2015,400830.76,452146.147,376935.916,400937.971
2015-02-12,384979.143,0.06712805218125804,3,2,2015,400118.489,407492.968,343153.677,371202.145
2015-02-13,493285.468,0.12763975848564832,4,2,2015,384979.143,437171.135,435912.672,423624.936
2015-02-14,562856.068,0.019986962279671113,5,2,2015,493285.468,599912.595,656211.842,621876.434
2015-02-15,434898.672,0.01856554990814044,6,2,2015,562856.068,622995.232,815295.476,678279.031
2015-02-16,420745.115,0.01779007463936925,0,2,2015,434898.672,458006.152,538303.887,448218.897
2015-02-17,483091.216,0.017133021106308006,1,2,2015,420745.115,400830.76,475250.843,405308.777
2015-02-18,497507.003,0.014620877608028363,2,2,2015,483091.216,400118.489,452146.147,413205.592
2015-02-19,436382.921,0.0721025560026443,3,2,2015,497507.003,384979.143,407492.968,364866.539
2015-02-20,483690.015,0.12407382649815502,4,2,2015,436382.921,493285.468,437171.135,416942.182
2015-02-21,572905.075,0.01088596396183085,5,2,2015,483690.015,562856.068,599912.595,588853.871
2015-02-22,691340.068,0.01151579717205108,6,2,2015,572905.075,434898.672,622995.232,631625.951
2015-02-23,443349.891,0.01059188711969256,0,2,2015,691340.068,420745.115,458006.152,410037.618
2015-02-24,407893.278,0.010907041718888046,1,2,2015,443349.891,483091.216,400830.76,360020.397
2015-02-25,395776.954,0.010687277157628535,2,2,2015,407893.278,497507.003,400118.489,376935.916
2015-02-26,354948.227,0.06981386330463343,3,2,2015,395776.954,436382.921,384979.143,343153.677
2015-02-27,436489.425,0.13036350880665665,4,2,2015,354948.227,483690.015,493285.468,435912.672
2015-02-28,635314.4,0.011021273876367354,5,2,2015,436489.425,572905.075,562856.068,656211.842
2015-03-01,820465.979,0.011398850457393554,6,3,2015,635314.4,691340.068,434898.672,815295.476
2015-03-02,546039.788,0.00928807224575364,0,3,2015,820465.979,443349.891,420745.115,538303.887
2015-03-03,492367.241,0.012831812261043582,1,3,2015,546039.788,407893.278,483091.216,475250.843
2015-03-04,483333.548,0.012922210812480163,2,3,2015,492367.241,395776.954,497507.003,452146.147
2015-03-05,428607.809,0.06673388678273008,3,3,2015,483333.548,354948.227,436382.921,407492.968
2015-03-06,463724.975,0.12729122040493937,4,3,2015,428607.809,436489.425,483690.015,437171.135
2015-03-07,657428.927,0.011069289319543433,5,3,2015,463724.975,635314.4,572905.075,599912.595
2015-03-08,659563.412,0.0087041395801379,6,3,2015,657428.927,820465.979,691340.068,622995.232
2015-03-09,480385.95,0.009974078134466673,0,3,2015,659563.412,546039.788,443349.891,458006.152
2015-03-10,457885.764,0.011833187283804699,1,3,2015,480385.95,492367.241,407893.278,400830.76
2015-03-11,425651.727,0.010689067402750135,2,3,2015,457885.764,483333.548,395776.954,400118.489
2015-03-12,382593.983,0.06588664777825322,3,3,2015,425651.727,428607.809,354948.227,384979.143
2015-03-13,434866.995,0.12625550255889162,4,3,2015,382593.983,463724.975,436489.425,493285.468
2015-03-14,616615.761,0.011754472490689383,5,3,2015,434866.995,657428.927,635314.4,562856.068
2015-03-15,662703.872,0.010974598621328109,6,3,2015,616615.761,659563.412,820465.979,434898.672
2015-03-16,466618.194,0.011142088042970738,0,3,2015,662703.872,480385.95,546039.788,420745.115
2015-03-17,415361.516,0.011800570855004295,1,3,2015,466618.194,457885.764,492367.241,483091.216
2015-03-18,398633.0,0.011924303808264746,2,3,2015,415361.516,425651.727,483333.548,497507.003
2015-03-19,373327.383,0.06837688356763265,3,3,2015,398633.0,382593.983,428607.809,436382.921
2015-03-20,467696.132,0.12969562467965845,4,3,2015,373327.383,434866.995,463724.975,483690.015
2015-03-21,624113.228,0.01508653650904512,5,3,2015,467696.132,616615.761,657428.927,572905.075
2015-03-22,646471.402,0.016096362449765412,6,3,2015,624113.228,662703.872,659563.412,691340.068
2015-03-23,462672.732,0.012600956565557877,0,3,2015,646471.402,466618.194,480385.95,443349.891
2015-03-24,407376.722,0.01261251986803507,1,3,2015,462672.732,415361.516,457885.764,407893.278
2015-03-25,408267.19,0.013631937947303578,2,3,2015,407376.722,398633.0,425651.727,395776.954
2015-03-26,367021.635,0.07187593450723961,3,3,2015,408267.19,373327.383,382593.983,354948.227
2015-03-27,436960.229,0.13183786115234758,4,3,2015,367021.635,467696.132,434866.995,436489.425
2015-03-28,590050.704,0.015278263272777995,5,3,2015,436960.229,624113.228,616615.761,635314.4
2015-03-29,641215.77,0.017321562443793296,6,3,2015,590050.704,646471.402,662703.872,820465.979
2015-03-30,437932.835,0.015336253560434672,0,3,2015,641215.77,462672.732,466618.194,546039.788
2015-03-31,443285.893,0.014907882484769258,1,3,2015,437932.835,407376.722,415361.516,492367.241
2015-04-01,557225.473,0.018109803820831428,2,4,2015,443285.893,408267.19,398633.0,483333.548
2015-04-02,524608.902,0.06095211476224626,3,4,2015,557225.473,367021.635,373327.383,428607.809
2015-04-03,510296.962,0.11283259021244182,4,4,2015,524608.902,436960.229,467696.132,463724.975
2015-04-04,653895.196,0.016446580531232408,5,4,2015,510296.962,590050.704,624113.228,657428.927
2015-04-05,659673.577,0.01661073503933901,6,4,2015,653895.196,641215.77,646471.402,659563.412
2015-04-06,519741.817,0.013503581529211455,0,4,2015,659673.577,437932.835,462672.732,480385.95
2015-04-07,464813.218,0.014707709968781481,1,4,2015,519741.817,443285.893,407376.722,457885.764
2015-04-08,461152.213,0.016308825563415435,2,4,2015,464813.218,557225.473,408267.19,425651.727
2015-04-09,398722.316,0.0695371161517832,3,4,2015,461152.213,524608.902,367021.635,382593.983
2015-04-10,445882.298,0.13679837991684524,4,4,2015,398722.316,510296.962,436960.229,434866.995
2015-04-11,610603.017,0.01575947011739053,5,4,2015,445882.298,653895.196,590050.704,616615.761
2015-04-12,659948.147,0.01479083931725927,6,4,2015,610603.017,659673.577,641215.77,662703.872
2015-04-13,453733.756,0.013191293177666949,0,4,2015,659948.147,519741.817,437932.835,466618.194
2015-04-14,403624.397,0.01707088830906324,1,4,2015,453733.756,464813.218,443285.893,415361.516
2015-04-15,438112.288,0.01670007712725921,2,4,2015,403624.397,461152.213,557225.473,398633.0
2015-04-16,418644.426,0.0813563895390309,3,4,2015,438112.288,398722.316,524608.902,373327.383
2015-04-17,456654.23699999996,0.13968175225756202,4,4,2015,418644.426,445882.298,510296.962,467696.132
2015-04-18,629159.661,0.021919625263451214,5,4,2015,456654.23699999996,610603.017,653895.196,624113.228
2015-04-19,684545.95,0.02187029373265593,6,4,2015,629159.661,659948.147,659673.577,646471.402
2015-04-20,481694.771,0.019886678404486977,0,4,2015,684545.95,453733.756,519741.817,462672.732
2015-04-21,426056.313,0.020607883822155688,1,4,2015,481694.771,403624.397,464813.218,407376.722
2015-04-22,421112.256,0.02519242517605567,2,4,2015,426056.313,438112.288,461152.213,408267.19
2015-04-23,392157.068,0.0815021520917736,3,4,2015,421112.256,418644.426,398722.316,367021.635
2015-04-24,437627.53,0.14829056800882706,4,4,2015,392157.068,456654.23699999996,445882.298,436960.229
2015-04-25,588781.513,0.029472362186752282,5,4,2015,437627.53,629159.661,610603.017,590050.704
2015-04-26,625902.817,0.029766213690008047,6,4,2015,588781.513,684545.95,659948.147,641215.77
2015-04-27,425054.148,0.027752287692061298,0,4,2015,625902.817,481694.771,453733.756,437932.835
2015-04-28,374878.821,0.025734857398092382,1,4,2015,425054.148,426056.313,403624.397,443285.893
2015-04-29,398728.33,0.026976555691440335,2,4,2015,374878.821,421112.256,438112.288,557225.473
2015-04-30,432630.142,0.07888362988818287,3,4,2015,398728.33,392157.068,418644.426,524608.902
2015-05-01,674509.4,0.132895356239661,4,5,2015,432630.142,437627.53,456654.23699999996,510296.962
2015-05-02,711118.274,0.031004784725866853,5,5,2015,674509.4,588781.513,629159.661,653895.196
2015-05-03,742888.7849999999,0.03266290390963433,6,5,2015,711118.274,625902.817,684545.95,659673.577
2015-05-04,556293.148,0.030166183172186042,0,5,2015,742888.7849999999,425054.148,481694.771,519741.817
2015-05-05,509495.227,0.029859822415961513,1,5,2015,556293.148,374878.821,426056.313,464813.218
2015-05-06,505028.551,0.03337500813889629,2,5,2015,509495.227,398728.33,421112.256,461152.213
2015-05-07,444084.31,0.08414698100907911,3,5,2015,505028.551,432630.142,392157.068,398722.316
2015-05-08,481348.223,0.1460890424851532,4,5,2015,444084.31,674509.4,437627.53,445882.298
2015-05-09,706709.44,0.025184241206683187,5,5,2015,481348.223,711118.274,588781.513,610603.017
2015-05-10,558168.273,0.02567295866348892,6,5,2015,706709.44,742888.7849999999,625902.817,659948.147
2015-05-11,524885.051,0.024771113170834046,0,5,2015,558168.273,556293.148,425054.148,453733.756
2015-05-12,452208.572,0.02493758787040419,1,5,2015,524885.051,509495.227,374878.821,403624.397
2015-05-13,446946.639,0.0284357882820996,2,5,2015,452208.572,505028.551,398728.33,438112.288
2015-05-14,395613.666,0.06924495879270257,3,5,2015,446946.639,444084.31,432630.142,418644.426
2015-05-15,483538.322,0.12828452302070073,4,5,2015,395613.666,481348.223,674509.4,456654.23699999996
2015-05-16,709804.553,0.01757504646493864,5,5,2015,483538.322,706709.44,711118.274,629159.661
2015-05-17,798187.132,0.016036384811074604,6,5,2015,709804.553,558168.273,742888.7849999999,684545.95
2015-05-18,496603.011,0.017522374627728547,0,5,2015,798187.132,524885.051,556293.148,481694.771
2015-05-19,446458.488,0.015523629153176722,1,5,2015,496603.011,452208.572,509495.227,426056.313
2015-05-20,466238.631,0.02173257496545798,2,5,2015,446458.488,446946.639,505028.551,421112.256
2015-05-21,417064.136,0.06465745354810369,3,5,2015,466238.631,395613.666,444084.31,392157.068
2015-05-22,458729.917,0.13208881469136882,4,5,2015,417064.136,483538.322,481348.223,437627.53
2015-05-23,658885.923,0.014568834550742104,5,5,2015,458729.917,709804.553,706709.44,588781.513
2015-05-24,738101.427,0.015801638600544256,6,5,2015,658885.923,798187.132,558168.273,625902.817
2015-05-25,534852.79,0.015435970708874865,0,5,2015,738101.427,496603.011,524885.051,425054.148
2015-05-26,463157.406,0.014905027773646351,1,5,2015,534852.79,446458.488,452208.572,374878.821
2015-05-27,481810.961,0.016263820531886984,2,5,2015,463157.406,466238.631,446946.639,398728.33
2015-05-28,428569.881,0.0652621899951014,3,5,2015,481810.961,417064.136,395613.666,432630.142
2015-05-29,560540.53,0.1170349965594816,4,5,2015,428569.881,458729.917,483538.322,674509.4
2015-05-30,855868.292,0.013027643510363859,5,5,2015,560540.53,658885.923,709804.553,711118.274
2015-05-31,1023591.506,0.01344553849785463,6,5,2015,855868.292,738101.427,798187.132,742888.7849999999
2015-06-01,812195.203,0.014921612384849311,0,6,2015,1023591.506,534852.79,496603.011,556293.148
2015-06-02,753446.642,0.06594914653558175,1,6,2015,812195.203,463157.406,446458.488,509495.227
2015-06-03,747941.209,0.19234929198826908,2,6,2015,753446.642,481810.961,466238.631,505028.551
2015-06-04,609029.802,0.05681305395298209,3,6,2015,747941.209,428569.881,417064.136,444084.31
2015-06-05,657757.126,0.10295788874509282,4,6,2015,609029.802,560540.53,458729.917,481348.223
2015-06-06,904463.06,0.011131770268207525,5,6,2015,657757.126,855868.292,658885.923,706709.44
2015-06-07,1070699.918,0.012554645586514371,6,6,2015,904463.06,1023591.506,738101.427,558168.273
2015-06-08,696980.812,0.010651099531273753,0,6,2015,1070699.918,812195.203,534852.79,524885.051
2015-06-09,623796.256,0.06336595101333856,1,6,2015,696980.812,753446.642,463157.406,452208.572
2015-06-10,641452.655,0.20022627702741363,2,6,2015,623796.256,747941.209,481810.961,446946.639
2015-06-11,510105.078,0.026693668789550845,3,6,2015,641452.655,609029.802,428569.881,395613.666
2015-06-12,606622.001,0.12044693710342365,4,6,2015,510105.078,657757.126,560540.53,483538.322
2015-06-13,840793.776,0.018955588700742237,5,6,2015,606622.001,904463.06,855868.292,709804.553
2015-06-14,967750.721,0.02939023178469944,6,6,2015,840793.776,1070699.918,1023591.506,798187.132
2015-06-15,666588.779,0.02187736046483915,0,6,2015,967750.721,696980.812,812195.203,496603.011
2015-06-16,672662.824,0.07245486633285385,1,6,2015,666588.779,623796.256,753446.642,446458.488
2015-06-17,677358.804,0.24625361184498606,2,6,2015,672662.824,641452.655,747941.209,466238.631
2015-06-18,556267.039,0.02856567419231899,3,6,2015,677358.804,510105.078,609029.802,417064.136
2015-06-19,659262.571,0.12233098851292136,4,6,2015,556267.039,606622.001,657757.126,458729.917
2015-06-20,936954.654,0.017826040917450846,5,6,2015,659262.571,840793.776,904463.06,658885.923
2015-06-21,790577.421,0.03082373509880445,6,6,2015,936954.654,967750.721,1070699.918,738101.427
2015-06-22,704353.14,0.022633494613227677,0,6,2015,790577.421,666588.779,696980.812,534852.79
2015-06-23,640324.326,0.07535285798278417,1,6,2015,704353.14,672662.824,623796.256,463157.406
2015-06-24,643418.615,0.25629150160661734,2,6,2015,640324.326,677358.804,641452.655,481810.961
2015-06-25,518748.956,0.020957646033315583,3,6,2015,643418.615,556267.039,510105.078,428569.881
2015-06-26,593301.461,0.11361769088918526,4,6,2015,518748.956,659262.571,606622.001,560540.53
2015-06-27,831701.257,0.011667539177471748,5,6,2015,593301.461,936954.654,840793.776,855868.292
2015-06-28,976565.589,0.023978434488950644,6,6,2015,831701.257,790577.421,967750.721,1023591.506
2015-06-29,639104.192,0.015701859142241394,0,6,2015,976565.589,704353.14,666588.779,812195.203
2015-06-30,669553.425,0.06243988670508256,1,6,2015,639104.192,640324.326,672662.824,753446.642
2015-07-01,885955.201,0.21469566721353892,2,7,2015,669553.425,643418.615,677358.804,747941.209
2015-07-02,705693.709,0.02350586917305224,3,7,2015,885955.201,518748.956,556267.039,609029.802
2015-07-03,772807.394,0.11569288505021731,4,7,2015,705693.709,593301.461,659262.571,657757.126
2015-07-04,1018547.843,0.013606314220038067,5,7,2015,772807.394,831701.257,936954.654,904463.06
2015-07-05,982489.682,0.02537267867205958,6,7,2015,1018547.843,976565.589,790577.421,1070699.918
2015-07-06,754955.781,0.01586822208862588,0,7,2015,982489.682,639104.192,704353.14,696980.812
2015-07-07,654829.435,0.06307248085144491,1,7,2015,754955.781,669553.425,640324.326,623796.256
2015-07-08,733198.13,0.22764561606287784,2,7,2015,654829.435,885955.201,643418.615,641452.655
2015-07-09,605039.496,0.021415190389488224,3,7,2015,733198.13,705693.709,518748.956,510105.078
2015-07-10,643991.381,0.11613741302540817,4,7,2015,605039.496,772807.394,593301.461,606622.001
2015-07-11,795026.703,0.014707562596171063,5,7,2015,643991.381,1018547.843,831701.257,840793.776
2015-07-12,898733.942,0.024646784732204982,6,7,2015,795026.703,982489.682,976565.589,967750.721
2015-07-13,647969.078,0.016865889702224343,0,7,2015,898733.942,754955.781,639104.192,666588.779
2015-07-14,601458.605,0.06414081148610386,1,7,2015,647969.078,654829.435,669553.425,672662.824
2015-07-15,664582.684,0.23595004771445413,2,7,2015,601458.605,733198.13,885955.201,677358.804
2015-07-16,584043.727,0.022377644679334088,3,7,2015,664582.684,605039.496,705693.709,556267.039
2015-07-17,653483.171,0.1203818958024858,4,7,2015,584043.727,643991.381,772807.394,659262.571
2015-07-18,826362.336,0.013462340326217384,5,7,2015,653483.171,795026.703,1018547.843,936954.654
2015-07-19,894724.299,0.024160217872880193,6,7,2015,826362.336,898733.942,982489.682,790577.421
2015-07-20,688675.332,0.025577605558841185,0,7,2015,894724.299,647969.078,754955.781,704353.14
2015-07-21,607971.297,0.07021908634611083,1,7,2015,688675.332,601458.605,654829.435,640324.326
2015-07-22,631392.024,0.24952534243606475,2,7,2015,607971.297,664582.684,733198.13,643418.615
2015-07-23,541515.25,0.02978113358765058,3,7,2015,631392.024,584043.727,605039.496,518748.956
2015-07-24,635264.964,0.1253248290267744,4,7,2015,541515.25,653483.171,643991.381,593301.461
2015-07-25,797437.521,0.020997390465152192,5,7,2015,635264.964,826362.336,795026.703,831701.257
2015-07-26,875038.036,0.03512196582960881,6,7,2015,797437.521,894724.299,898733.942,976565.589
2015-07-27,653017.194,0.026892581330714545,0,7,2015,875038.036,688675.332,647969.078,639104.192
2015-07-28,595003.667,0.07381048459992096,1,7,2015,653017.194,607971.297,601458.605,669553.425
2015-07-29,625451.981,0.24666761747773566,2,7,2015,595003.667,631392.024,664582.684,885955.201
2015-07-30,543446.601,0.03344166467608471,3,7,2015,625451.981,541515.25,584043.727,705693.709
2015-07-31,695090.449,0.12206826481656921,4,7,2015,543446.601,635264.964,653483.171,772807.394
2015-08-01,1044907.79,0.01668046230184579,5,8,2015,695090.449,797437.521,826362.336,1018547.843
2015-08-02,1043516.663,0.025928217496992666,6,8,2015,1044907.79,875038.036,894724.299,982489.682
2015-08-03,811175.01,0.01944698222397162,0,8,2015,1043516.663,653017.194,688675.332,754955.781
2015-08-04,726646.358,0.07094062115976366,1,8,2015,811175.01,595003.667,607971.297,654829.435
2015-08-05,724373.594,0.22557990152247323,2,8,2015,726646.358,625451.981,631392.024,733198.13
2015-08-06,583419.212,0.03039259015693847,3,8,2015,724373.594,543446.601,541515.25,605039.496
2015-08-07,663747.518,0.12352094249187082,4,8,2015,583419.212,695090.449,635264.964,643991.381
2015-08-08,784102.216,0.01968714624828965,5,8,2015,663747.518,1044907.79,797437.521,795026.703
2015-08-09,679412.125,0.03427120468301916,6,8,2015,784102.216,1043516.663,875038.036,898733.942
2015-08-10,785485.934,0.023541723918381458,0,8,2015,679412.125,811175.01,653017.194,647969.078
2015-08-11,668367.509,0.06613724845203389,1,8,2015,785485.934,726646.358,595003.667,601458.605
2015-08-12,678071.732,0.21285635602930578,2,8,2015,668367.509,724373.594,625451.981,664582.684
2015-08-13,557902.478,0.029359688558329006,3,8,2015,678071.732,583419.212,543446.601,584043.727
2015-08-14,734582.205,0.11237887936585668,4,8,2015,557902.478,663747.518,695090.449,653483.171
2015-08-15,936369.0260000001,0.01888635731101169,5,8,2015,734582.205,784102.216,1044907.79,826362.336
2015-08-16,913924.625,0.029198761331110868,6,8,2015,936369.0260000001,679412.125,1043516.663,894724.299
2015-08-17,694771.188,0.0237745725287618,0,8,2015,913924.625,785485.934,811175.01,688675.332
2015-08-18,629480.643,0.06847883486069324,1,8,2015,694771.188,668367.509,726646.358,607971.297
2015-08-19,653740.36,0.20774820297158952,2,8,2015,629480.643,678071.732,724373.594,631392.024
2015-08-20,569518.976,0.03201061205728815,3,8,2015,653740.36,557902.478,583419.212,541515.25
2015-08-21,653299.705,0.12317918465920631,4,8,2015,569518.976,734582.205,663747.518,635264.964
2015-08-22,803273.158,0.023278067757867244,5,8,2015,653299.705,936369.0260000001,784102.216,797437.521
2015-08-23,865758.549,0.033143691197902336,6,8,2015,803273.158,913924.625,679412.125,875038.036
2015-08-24,681604.99,0.025304898369361995,0,8,2015,865758.549,694771.188,785485.934,653017.194
2015-08-25,624798.338,0.0704187676632392,1,8,2015,681604.99,629480.643,668367.509,595003.667
2015-08-26,640083.991,0.21531846747905933,2,8,2015,624798.338,653740.36,678071.732,625451.981
2015-08-27,548046.327,0.026816780399661358,3,8,2015,640083.991,569518.976,557902.478,543446.601
2015-08-28,635857.232,0.12311187018157561,4,8,2015,548046.327,653299.705,734582.205,695090.449
2015-08-29,877177.097,0.01979444636594291,5,8,2015,635857.232,803273.158,936369.0260000001,1044907.79
2015-08-30,975702.602,0.030269371978163484,6,8,2015,877177.097,865758.549,913924.625,1043516.663
2015-08-31,776180.552,0.01997897133604038,0,8,2015,975702.602,681604.99,694771.188,811175.01
2015-09-01,906571.993,0.0627465567425708,1,9,2015,776180.552,624798.338,629480.643,726646.358
2015-09-02,879035.174,0.1909916337432022,2,9,2015,906571.993,640083.991,653740.36,724373.594
2015-09-03,707108.042,0.05909881873469062,3,9,2015,879035.174,548046.327,569518.976,583419.212
2015-09-04,736399.303,0.15038455705871304,4,9,2015,707108.042,635857.232,653299.705,663747.518
2015-09-05,1052984.395,0.05564218261753062,5,9,2015,736399.303,877177.097,803273.158,784102.216
2015-09-06,1147656.583,0.07330112530709894,6,9,2015,1052984.395,975702.602,865758.549,679412.125
2015-09-07,767407.776,0.07129960721169445,0,9,2015,1147656.583,776180.552,681604.99,785485.934
2015-09-08,677362.236,0.11448194611191759,1,9,2015,767407.776,906571.993,624798.338,668367.509
2015-09-09,705710.5,0.24868673910902558,2,9,2015,677362.236,879035.174,640083.991,678071.732
2015-09-10,577766.795,0.07829550848452617,3,9,2015,705710.5,707108.042,548046.327,557902.478
2015-09-11,651334.168,0.1629417865884168,4,9,2015,577766.795,736399.303,635857.232,734582.205
2015-09-12,921527.436,0.06662492792021442,5,9,2015,651334.168,1052984.395,877177.097,936369.0260000001
2015-09-13,1023347.319,0.07940499231424673,6,9,2015,921527.436,1147656.583,975702.602,913924.625
2015-09-14,688417.19,0.07449674520765526,0,9,2015,1023347.319,767407.776,776180.552,694771.188
2015-09-15,682150.354,0.1279706233209695,1,9,2015,688417.19,677362.236,906571.993,629480.643
2015-09-16,742200.668,0.2536303699473362,2,9,2015,682150.354,705710.5,879035.174,653740.36
2015-09-17,593633.802,0.08112994212549911,3,9,2015,742200.668,577766.795,707108.042,569518.976
2015-09-18,653807.875,0.1651307916717889,4,9,2015,593633.802,651334.168,736399.303,653299.705
2015-09-19,935899.4809999999,0.06618748301239843,5,9,2015,653807.875,921527.436,1052984.395,803273.158
2015-09-20,1037566.86,0.0797114067425014,6,9,2015,935899.4809999999,1023347.319,1147656.583,865758.549
2015-09-21,717756.377,0.07699604597173784,0,9,2015,1037566.86,688417.19,767407.776,681604.99
2015-09-22,641941.095,0.12656257035546228,1,9,2015,717756.377,682150.354,677362.236,624798.338
2015-09-23,690427.816,0.26312612961120907,2,9,2015,641941.095,742200.668,705710.5,640083.991
2015-09-24,557498.611,0.059222630063198486,3,9,2015,690427.816,593633.802,577766.795,548046.327
2015-09-25,646093.875,0.148432451863129,4,9,2015,557498.611,653807.875,651334.168,635857.232
2015-09-26,890493.06,0.05074657853032566,5,9,2015,646093.875,935899.4809999999,921527.436,877177.097
2015-09-27,1018088.165,0.06686150408201631,6,9,2015,890493.06,1037566.86,1023347.319,975702.602
2015-09-28,671266.832,0.06078775243285073,0,9,2015,1018088.165,717756.377,688417.19,776180.552
2015-09-29,609173.329,0.10649460656213332,1,9,2015,671266.832,641941.095,682150.354,906571.993
2015-09-30,711196.539,0.24174361174724446,2,9,2015,609173.329,690427.816,742200.668,879035.174
2015-10-01,796390.8589999999,0.04905940036662325,3,10,2015,711196.539,557498.611,593633.802,707108.042
2015-10-02,830735.388,0.1358042857324383,4,10,2015,796390.8589999999,646093.875,653807.875,736399.303
2015-10-03,1179378.177,0.03740980362399906,5,10,2015,830735.388,890493.06,935899.4809999999,1052984.395
2015-10-04,1234139.939,0.046986567866028686,6,10,2015,1179378.177,1018088.165,1037566.86,1147656.583
2015-10-05,809534.838,0.04406481145163514,0,10,2015,1234139.939,671266.832,717756.377,767407.776
2015-10-06,696205.276,0.08983350335885706,1,10,2015,809534.838,609173.329,641941.095,677362.236
2015-10-07,720594.331,0.2226926678389314,2,10,2015,696205.276,711196.539,690427.816,705710.5
2015-10-08,603070.03,0.051034573878592504,3,10,2015,720594.331,796390.8589999999,557498.611,577766.795
2015-10-09,873935.597,0.1334020772242328,4,10,2015,603070.03,830735.388,646093.875,651334.168
2015-10-10,867567.973,0.03921315108297572,5,10,2015,873935.597,1179378.177,890493.06,921527.436
2015-10-11,973345.2039999999,0.05207451250769198,6,10,2015,867567.973,1234139.939,1018088.165,1023347.319
2015-10-12,721646.758,0.04615341734826999,0,10,2015,973345.2039999999,809534.838,671266.832,688417.19
2015-10-13,585164.744,0.09697386177455695,1,10,2015,721646.758,696205.276,609173.329,682150.354
2015-10-14,688205.106,0.23647833993257236,2,10,2015,585164.744,720594.331,711196.539,742200.668
2015-10-15,577956.792,0.0261689787356976,3,10,2015,688205.106,603070.03,796390.8589999999,593633.802
2015-10-16,693836.352,0.12136554932192427,4,10,2015,577956.792,873935.597,830735.388,653807.875
2015-10-17,958059.958,0.018864387191098952,5,10,2015,693836.352,867567.973,1179378.177,935899.4809999999
2015-10-18,1071480.103,0.02733484823282808,6,10,2015,958059.958,973345.2039999999,1234139.939,1037566.86
2015-10-19,699277.488,0.020133638278943135,0,10,2015,1071480.103,721646.758,809534.838,717756.377
2015-10-20,660357.844,0.06445659483981232,1,10,2015,699277.488,585164.744,696205.276,641941.095
2015-10-21,672853.346,0.2190083216142615,2,10,2015,660357.844,688205.106,720594.331,690427.816
2015-10-22,547071.184,0.02215852772826726,3,10,2015,672853.346,577956.792,603070.03,557498.611
2015-10-23,639040.606,0.11651856752276553,4,10,2015,547071.184,693836.352,873935.597,646093.875
2015-10-24,859952.711,0.013730401508089437,5,10,2015,639040.606,958059.958,867567.973,890493.06
2015-10-25,1018790.142,0.02149946107350536,6,10,2015,859952.711,1071480.103,973345.2039999999,1018088.165
2015-10-26,649916.352,0.015022662485648616,0,10,2015,1018790.142,699277.488,721646.758,671266.832
2015-10-27,587184.579,0.06104401968635487,1,10,2015,649916.352,660357.844,585164.744,609173.329
2015-10-28,599518.122,0.21614010026539282,2,10,2015,587184.579,672853.346,688205.106,711196.539
2015-10-29,511881.069,0.033060329879087594,3,10,2015,599518.122,547071.184,577956.792,796390.8589999999
2015-10-30,636080.891,0.12918128993125186,4,10,2015,511881.069,639040.606,693836.352,830735.388
2015-10-31,915996.852,0.02921339188183149,5,10,2015,636080.891,859952.711,958059.958,1179378.177
2015-11-01,819260.388,0.04191292842050603,6,11,2015,915996.852,1018790.142,1071480.103,1234139.939
2015-11-02,762565.7949999999,0.03922586640540309,0,11,2015,819260.388,649916.352,699277.488,809534.838
2015-11-03,1033459.133,0.07315692279048251,1,11,2015,762565.7949999999,587184.579,660357.844,696205.276
2015-11-04,855542.692,0.21912489669188828,2,11,2015,1033459.133,599518.122,672853.346,720594.331
2015-11-05,649668.671,0.0394921921669823,3,11,2015,855542.692,511881.069,547071.184,603070.03
2015-11-06,671271.788,0.13528020784332442,4,11,2015,649668.671,636080.891,639040.606,873935.597
2015-11-07,929728.344,0.03341662131793628,5,11,2015,671271.788,915996.852,859952.711,867567.973
2015-11-08,1077374.426,0.04392530475751241,6,11,2015,929728.344,819260.388,1018790.142,973345.2039999999
2015-11-09,683672.902,0.03884658134366133,0,11,2015,1077374.426,762565.7949999999,649916.352,721646.758
2015-11-10,623563.179,0.08365289157010984,1,11,2015,683672.902,1033459.133,587184.579,585164.744
2015-11-11,689789.591,0.22767200759339956,2,11,2015,623563.179,855542.692,599518.122,688205.106
2015-11-12,506943.664,0.03977294210742912,3,11,2015,689789.591,649668.671,511881.069,577956.792
2015-11-13,626697.025,0.13486557240318797,4,11,2015,506943.664,671271.788,636080.891,693836.352
2015-11-14,867602.333,0.03935111363975551,5,11,2015,626697.025,929728.344,915996.852,958059.958
2015-11-15,1056161.462,0.05344849346529176,6,11,2015,867602.333,1077374.426,819260.388,1071480.103
2015-11-16,716513.709,0.04776825700623126,0,11,2015,1056161.462,683672.902,762565.7949999999,699277.488
2015-11-17,619125.988,0.09162220953322346,1,11,2015,716513.709,623563.179,1033459.133,660357.844
2015-11-18,683994.187,0.2524545066053317,2,11,2015,619125.988,689789.591,855542.692,672853.346
2015-11-19,560457.265,0.05360222424808785,3,11,2015,683994.187,506943.664,649668.671,547071.184
2015-11-20,665741.204,0.1397985980750562,4,11,2015,560457.265,626697.025,671271.788,639040.606
2015-11-21,863742.732,0.04042939952633952,5,11,2015,665741.204,867602.333,929728.344,859952.711
2015-11-22,1015904.285,0.05423295266443334,6,11,2015,863742.732,1056161.462,1077374.426,1018790.142
2015-11-23,696701.655,0.044146987134686795,0,11,2015,1015904.285,716513.709,683672.902,649916.352
2015-11-24,612730.2009999999,0.09103792159903672,1,11,2015,696701.655,619125.988,623563.179,587184.579
2015-11-25,658995.83,0.2520202138456627,2,11,2015,612730.2009999999,683994.187,689789.591,599518.122
2015-11-26,530365.743,0.04102926760863587,3,11,2015,658995.83,560457.265,506943.664,511881.069
2015-11-27,645090.036,0.14164019268776926,4,11,2015,530365.743,665741.204,626697.025,636080.891
2015-11-28,850605.004,0.03980353024116468,5,11,2015,645090.036,863742.732,867602.333,915996.852
2015-11-29,1070631.454,0.05232021513165818,6,11,2015,850605.004,1015904.285,1056161.462,819260.388
2015-11-30,762051.678,0.04190759881772743,0,11,2015,1070631.454,696701.655,716513.709,762565.7949999999
2015-12-01,857625.387,0.08739138921968502,1,12,2015,762051.678,612730.2009999999,619125.988,1033459.133
2015-12-02,867329.477,0.2187749800183489,2,12,2015,857625.387,658995.83,683994.187,855542.692
2015-12-03,676946.441,0.043643875217596426,3,12,2015,867329.477,530365.743,560457.265,649668.671
2015-12-04,749359.132,0.12360472308222968,4,12,2015,676946.441,645090.036,665741.204,671271.788
2015-12-05,966211.368,0.036382496795463085,5,12,2015,749359.132,850605.004,863742.732,929728.344
2015-12-06,1143127.319,0.04657850015042813,6,12,2015,966211.368,1070631.454,1015904.285,1077374.426
2015-12-07,822338.657,0.03710666735687703,0,12,2015,1143127.319,762051.678,696701.655,683672.902
2015-12-08,712573.17,0.08204919783886895,1,12,2015,822338.657,857625.387,612730.2009999999,623563.179
2015-12-09,748033.484,0.2269586771599652,2,12,2015,712573.17,867329.477,658995.83,689789.591
2015-12-10,657455.6,0.03680849322752746,3,12,2015,748033.484,676946.441,530365.743,506943.664
2015-12-11,708585.212,0.12302143415321513,4,12,2015,657455.6,749359.132,645090.036,626697.025
2015-12-12,915678.569,0.03816105037618282,5,12,2015,708585.212,966211.368,850605.004,867602.333
2015-12-13,1059434.421,0.038147146438618496,6,12,2015,915678.569,1143127.319,1070631.454,1056161.462
2015-12-14,812133.642,0.0281341848414648,0,12,2015,1059434.421,822338.657,762051.678,716513.709
2015-12-15,781720.251,0.08111571360583826,1,12,2015,812133.642,712573.17,857625.387,619125.988
2015-12-16,859950.249,0.20995718206949435,2,12,2015,781720.251,748033.484,867329.477,683994.187
2015-12-17,809902.749,0.0356110484074922,3,12,2015,859950.249,657455.6,676946.441,560457.265
2015-12-18,893964.102,0.10885652766401575,4,12,2015,809902.749,708585.212,749359.132,665741.204
2015-12-19,1095625.518,0.04425509464995867,5,12,2015,893964.102,915678.569,966211.368,863742.732
2015-12-20,1175432.964,0.0367003949363462,6,12,2015,1095625.518,1059434.421,1143127.319,1015904.285
2015-12-21,1072905.179,0.031045584131717572,0,12,2015,1175432.964,812133.642,822338.657,696701.655
2015-12-22,1142036.91,0.0629930848732376,1,12,2015,1072905.179,781720.251,712573.17,612730.2009999999
2015-12-23,1196334.944,0.18027123597921088,2,12,2015,1142036.91,859950.249,748033.484,658995.83
2015-12-24,1083698.315,0.02748571681593876,3,12,2015,1196334.944,809902.749,657455.6,530365.743
2015-12-26,946757.667,0.03261589958690031,5,12,2015,1083698.315,893964.102,708585.212,645090.036
2015-12-27,837727.129,0.03505207362097975,6,12,2015,946757.667,1095625.518,915678.569,850605.004
2015-12-28,789708.295,0.027861556145867758,0,12,2015,837727.129,1175432.964,1059434.421,1070631.454
2015-12-29,870791.479,0.06586137368484746,1,12,2015,789708.295,1072905.179,812133.642,762051.678
2015-12-30,1030048.225,0.1951420041522813,2,12,2015,870791.479,1142036.91,781720.251,857625.387
2015-12-31,964669.322,0.025483525223993803,3,12,2015,1030048.225,1196334.944,859950.249,867329.477
2016-01-01,16433.394,0.09193523869749609,4,1,2016,964669.322,1083698.315,809902.749,676946.441
2016-01-02,1066693.112,0.014780463867849557,5,1,2016,16433.394,946757.667,893964.102,749359.132
2016-01-03,1226782.841,0.027018330296323407,6,1,2016,1066693.112,837727.129,1095625.518,966211.368
2016-01-04,955974.824,0.01991953294368346,0,1,2016,1226782.841,789708.295,1175432.964,1143127.319
2016-01-05,835391.439,0.06616820740486425,1,1,2016,955974.824,870791.479,1072905.179,822338.657
2016-01-06,821705.811,0.21530390029090352,2,1,2016,835391.439,1030048.225,1142036.91,712573.17
2016-01-07,653524.367,0.025068525103670695,3,1,2016,821705.811,964669.322,1196334.944,748033.484
2016-01-08,713622.454,0.11325470008262939,4,1,2016,653524.367,16433.394,1083698.315,657455.6
2016-01-09,989234.555,0.015838368080459946,5,1,2016,713622.454,1066693.112,946757.667,708585.212
2016-01-10,1094694.837,0.02503688523379781,6,1,2016,989234.555,1226782.841,837727.129,915678.569
2016-01-11,705505.743,0.01942881420314675,0,1,2016,1094694.837,955974.824,789708.295,1059434.421
2016-01-12,647079.461,0.07161948693036944,1,1,2016,705505.743,835391.439,870791.479,812133.642
2016-01-13,660060.317,0.22742163880153396,2,1,2016,647079.461,821705.811,1030048.225,781720.251
2016-01-14,561996.206,0.030357363302199947,3,1,2016,660060.317,653524.367,964669.322,859950.249
2016-01-15,671030.1,0.12229295526385478,4,1,2016,561996.206,713622.454,16433.394,809902.749
2016-01-16,959834.147,0.024627238022195515,5,1,2016,671030.1,989234.555,1066693.112,893964.102
2016-01-17,1057999.343,0.029881264302448623,6,1,2016,959834.147,1094694.837,1226782.841,1095625.518
2016-01-18,709838.4879999999,0.026732943226938692,0,1,2016,1057999.343,705505.743,955974.824,1175432.964
2016-01-19,630948.875,0.08375819197712335,1,1,2016,709838.4879999999,647079.461,835391.439,1072905.179
2016-01-20,738835.013,0.24318505327792309,2,1,2016,630948.875,660060.317,821705.811,1142036.91
2016-01-21,552840.837,0.018402254897099794,3,1,2016,738835.013,561996.206,653524.367,1196334.944
2016-01-22,648449.428,0.10999169853535595,4,1,2016,552840.837,671030.1,713622.454,1083698.315
2016-01-23,906775.834,0.009755363639300515,5,1,2016,648449.428,959834.147,989234.555,946757.667
2016-01-24,980932.758,0.01949608965959316,6,1,2016,906775.834,1057999.343,1094694.837,837727.129
2016-01-25,658148.687,0.011842997112900112,0,1,2016,980932.758,709838.4879999999,705505.743,789708.295
2016-01-26,609468.788,0.06235651890347501,1,1,2016,658148.687,630948.875,647079.461,870791.479
2016-01-27,647261.678,0.22565117627742518,2,1,2016,609468.788,738835.013,660060.317,1030048.225
2016-01-28,533725.849,0.03850710629531454,3,1,2016,647261.678,552840.837,561996.206,964669.322
2016-01-29,660590.7579999999,0.12847968726804382,4,1,2016,533725.849,648449.428,671030.1,16433.394
2016-01-30,969957.377,0.03577971550393188,5,1,2016,660590.7579999999,906775.834,959834.147,1066693.112
2016-01-31,1093226.134,0.04643819372872767,6,1,2016,969957.377,980932.758,1057999.343,1226782.841
2016-02-01,872076.315,0.040054986472141486,0,2,2016,1093226.134,658148.687,709838.4879999999,955974.824
2016-02-02,766373.208,0.08288220326199086,1,2,2016,872076.315,609468.788,630948.875,835391.439
2016-02-03,772611.939,0.21822163687791524,2,2,2016,766373.208,647261.678,738835.013,821705.811
2016-02-04,650345.573,0.06185282051577831,3,2,2016,772611.939,533725.849,552840.837,653524.367
2016-02-05,768839.508,0.14384180813975547,4,2,2016,650345.573,660590.7579999999,648449.428,713622.454
2016-02-06,941985.076,0.050520034990448194,5,2,2016,768839.508,969957.377,906775.834,989234.555
2016-02-07,697795.631,0.05708795559942392,6,2,2016,941985.076,1093226.134,980932.758,1094694.837
2016-02-08,636554.6769999999,0.0540369307505693,0,2,2016,697795.631,872076.315,658148.687,705505.743
2016-02-09,746942.64,0.09401547888603601,1,2,2016,636554.6769999999,766373.208,609468.788,647079.461
2016-02-10,791089.17,0.2382018793153242,2,2,2016,746942.64,772611.939,647261.678,660060.317
2016-02-11,646381.203,0.09372098495258997,3,2,2016,791089.17,650345.573,533725.849,561996.206
2016-02-12,698155.07,0.17643469809651316,4,2,2016,646381.203,768839.508,660590.7579999999,671030.1
2016-02-13,859044.027,0.08915261801826137,5,2,2016,698155.07,941985.076,969957.377,959834.147
2016-02-14,940230.499,0.10128450215270034,6,2,2016,859044.027,697795.631,1093226.134,1057999.343
2016-02-15,746707.687,0.09268297381274984,0,2,2016,940230.499,636554.6769999999,872076.315,709838.4879999999
2016-02-16,719135.079,0.1191083337487977,1,2,2016,746707.687,746942.64,766373.208,630948.875
2016-02-17,723873.722,0.2652401118658097,2,2,2016,719135.079,791089.17,772611.939,738835.013
2016-02-18,570087.678,0.07473598648802932,3,2,2016,723873.722,646381.203,650345.573,552840.837
2016-02-19,672526.471,0.15831177149308073,4,2,2016,570087.678,698155.07,768839.508,648449.428
2016-02-20,883793.52,0.06391486441312672,5,2,2016,672526.471,859044.027,941985.076,906775.834
2016-02-21,991395.27,0.0757893771270464,6,2,2016,883793.52,940230.499,697795.631,980932.758
2016-02-22,698909.636,0.07157556059221366,0,2,2016,991395.27,746707.687,636554.6769999999,658148.687
2016-02-23,641342.061,0.11709358011371719,1,2,2016,698909.636,719135.079,746942.64,609468.788
2016-02-24,675823.081,0.26241267276279956,2,2,2016,641342.061,723873.722,791089.17,647261.678
2016-02-25,557977.404,0.06513923814735695,3,2,2016,675823.081,570087.678,646381.203,533725.849
2016-02-26,642302.802,0.16782313678899377,4,2,2016,557977.404,672526.471,698155.07,660590.7579999999
2016-02-27,916705.069,0.08173055275207604,5,2,2016,642302.802,883793.52,859044.027,969957.377
2016-02-28,994504.727,0.08933184990281097,6,2,2016,916705.069,991395.27,940230.499,1093226.134
2016-02-29,726658.7170000001,0.06980428475338857,0,2,2016,994504.727,698909.636,746707.687,872076.315
2016-03-01,897983.643,0.11760249735417508,1,3,2016,726658.7170000001,641342.061,719135.079,766373.208
2016-03-02,878466.747,0.2384236451923433,2,3,2016,897983.643,675823.081,723873.722,772611.939
2016-03-03,671608.846,0.06025028443416304,3,3,2016,878466.747,557977.404,570087.678,650345.573
2016-03-04,748285.967,0.14683894773614004,4,3,2016,671608.846,642302.802,672526.471,768839.508
2016-03-05,1028626.677,0.05351679207907613,5,3,2016,748285.967,916705.069,883793.52,941985.076
2016-03-06,1078966.509,0.06234592032179564,6,3,2016,1028626.677,994504.727,991395.27,697795.631
2016-03-07,738136.524,0.06025534376618925,0,3,2016,1078966.509,726658.7170000001,698909.636,636554.6769999999
2016-03-08,642300.345,0.10300106564632158,1,3,2016,738136.524,897983.643,641342.061,746942.64
2016-03-09,694676.849,0.2538365993538385,2,3,2016,642300.345,878466.747,675823.081,791089.17
2016-03-10,572504.857,0.06429607460954695,3,3,2016,694676.849,671608.846,557977.404,646381.203
2016-03-11,664917.513,0.14768491140644688,4,3,2016,572504.857,748285.967,642302.802,698155.07
2016-03-12,898108.673,0.05558188947586302,5,3,2016,664917.513,1028626.677,916705.069,859044.027
2016-03-13,954993.33,0.06665101105994112,6,3,2016,898108.673,1078966.509,994504.727,940230.499
2016-03-14,668075.03,0.06076012899329585,0,3,2016,954993.33,738136.524,726658.7170000001,746707.687
2016-03-15,668207.703,0.11225111692554074,1,3,2016,668075.03,642300.345,897983.643,719135.079
2016-03-16,739806.391,0.2553602676298048,2,3,2016,668207.703,694676.849,878466.747,723873.722
2016-03-17,580457.532,0.07186416008122365,3,3,2016,739806.391,572504.857,671608.846,570087.678
2016-03-18,666803.819,0.1430581503613134,4,3,2016,580457.532,664917.513,748285.967,672526.471
2016-03-19,895045.512,0.05569105183111627,5,3,2016,666803.819,898108.673,1028626.677,883793.52
2016-03-20,929620.582,0.07040551303112176,6,3,2016,895045.512,954993.33,1078966.509,991395.27
2016-03-21,690516.801,0.06294129402363376,0,3,2016,929620.582,668075.03,738136.524,698909.636
2016-03-22,622725.837,0.11111053996624198,1,3,2016,690516.801,668207.703,642300.345,641342.061
2016-03-23,714901.174,0.24839863390684544,2,3,2016,622725.837,739806.391,694676.849,675823.081
2016-03-24,660549.435,0.028312108086202506,3,3,2016,714901.174,580457.532,572504.857,557977.404
2016-03-25,633524.2,0.0988408903716701,4,3,2016,660549.435,666803.819,664917.513,642302.802
2016-03-26,800145.517,0.02580877173120499,5,3,2016,633524.2,895045.512,898108.673,916705.069
2016-03-27,833343.065,0.034215136835632036,6,3,2016,800145.517,929620.582,954993.33,994504.727
2016-03-28,661185.092,0.02898111017905407,0,3,2016,833343.065,690516.801,668075.03,726658.7170000001
2016-03-29,621179.063,0.07862487470863132,1,3,2016,661185.092,622725.837,668207.703,897983.643
2016-03-30,660164.564,0.23389933119766784,2,3,2016,621179.063,714901.174,739806.391,878466.747
2016-03-31,617404.158,0.052241564268830205,3,3,2016,660164.564,660549.435,580457.532,671608.846
2016-04-01,872481.81,0.14466480854196834,4,4,2016,617404.158,633524.2,666803.819,748285.967
2016-04-02,1150833.581,0.04822899063457204,5,4,2016,872481.81,800145.517,895045.512,1028626.677
2016-04-03,1266916.292,0.05732776621361817,6,4,2016,1150833.581,833343.065,929620.582,1078966.509
2016-04-04,795275.192,0.054523062502369615,0,4,2016,1266916.292,661185.092,690516.801,738136.524
2016-04-05,725947.101,0.10411759189599684,1,4,2016,795275.192,621179.063,622725.837,642300.345
2016-04-06,744829.544,0.2567498262394382,2,4,2016,725947.101,660164.564,714901.174,694676.849
2016-04-07,587974.472,0.06644612455215573,3,4,2016,744829.544,617404.158,660549.435,572504.857
2016-04-08,689760.196,0.1634073706392881,4,4,2016,587974.472,872481.81,633524.2,664917.513
2016-04-09,927981.389,0.07670473012040116,5,4,2016,689760.196,1150833.581,800145.517,898108.673
2016-04-10,1008882.083,0.09628655086344715,6,4,2016,927981.389,1266916.292,833343.065,954993.33
2016-04-11,665384.211,0.09077978256986323,0,4,2016,1008882.083,795275.192,661185.092,668075.03
2016-04-12,651659.047,0.14287005977836137,1,4,2016,665384.211,725947.101,621179.063,668207.703
2016-04-13,672631.485,0.29421615314364896,2,4,2016,651659.047,744829.544,660164.564,739806.391
2016-04-14,546794.209,0.06363678588263907,3,4,2016,672631.485,587974.472,617404.158,580457.532
2016-04-15,667620.171,0.14770444975066518,4,4,2016,546794.209,689760.196,872481.81,666803.819
2016-04-16,862126.492,0.05299320740511475,5,4,2016,667620.171,927981.389,1150833.581,895045.512
2016-04-17,1271846.739,0.06074363492942839,6,4,2016,862126.492,1008882.083,1266916.292,929620.582
2016-04-18,1345967.126,0.06157295553442811,0,4,2016,1271846.739,665384.211,795275.192,690516.801
2016-04-19,1152355.73,0.09269511420748522,1,4,2016,1345967.126,651659.047,725947.101,622725.837
2016-04-20,1062918.29,0.1981513602517838,2,4,2016,1152355.73,672631.485,744829.544,714901.174
2016-04-21,1003188.363,0.06755406711192083,3,4,2016,1062918.29,546794.209,587974.472,660549.435
2016-04-22,857285.244,0.14721340053766283,4,4,2016,1003188.363,667620.171,689760.196,633524.2
2016-04-23,1022593.135,0.07019560717078352,5,4,2016,857285.244,862126.492,927981.389,800145.517
2016-04-24,1044048.932,0.08388843981883408,6,4,2016,1022593.135,1271846.739,1008882.083,833343.065
2016-04-25,680264.754,0.07959167174491008,0,4,2016,1044048.932,1345967.126,665384.211,661185.092
2016-04-26,704814.418,0.11155990285090907,1,4,2016,680264.754,1152355.73,651659.047,621179.063
2016-04-27,672870.791,0.28202691146389797,2,4,2016,704814.418,1062918.29,672631.485,660164.564
2016-04-28,543523.269,0.1000039944931962,3,4,2016,672870.791,1003188.363,546794.209,617404.158
2016-04-29,708730.429,0.20199350577058403,4,4,2016,543523.269,857285.244,667620.171,872481.81
2016-04-30,1067389.991,0.11584333846353259,5,4,2016,708730.429,1022593.135,862126.492,1150833.581
2016-05-01,1270189.696,0.13183832424979774,6,5,2016,1067389.991,1044048.932,1271846.739,1266916.292
2016-05-02,974000.6699999999,0.10179082936359787,0,5,2016,1270189.696,680264.754,1345967.126,795275.192
2016-05-03,792298.192,0.1706921072968951,1,5,2016,974000.6699999999,704814.418,1152355.73,725947.101
2016-05-04,798684.454,0.3001185183955014,2,5,2016,792298.192,672870.791,1062918.29,744829.544
2016-05-05,648738.603,0.1360202593031141,3,5,2016,798684.454,543523.269,1003188.363,587974.472
2016-05-06,761449.516,0.20987459134454292,4,5,2016,648738.603,708730.429,857285.244,689760.196
2016-05-07,1077605.777,0.11404958160316173,5,5,2016,761449.516,1067389.991,1022593.135,927981.389
2016-05-08,820884.224,0.13071950326578574,6,5,2016,1077605.777,1270189.696,1044048.932,1008882.083
2016-05-09,771777.443,0.12969797304635658,0,5,2016,820884.224,974000.6699999999,680264.754,665384.211
2016-05-10,693031.487,0.17038399728582607,1,5,2016,771777.443,792298.192,704814.418,651659.047
2016-05-11,727611.802,0.28349379769955957,2,5,2016,693031.487,798684.454,672870.791,672631.485
2016-05-12,603398.207,0.10348775696643725,3,5,2016,727611.802,648738.603,543523.269,546794.209
2016-05-13,666854.356,0.19067152348330765,4,5,2016,603398.207,761449.516,708730.429,667620.171
2016-05-14,936213.521,0.09796932424350237,5,5,2016,666854.356,1077605.777,1067389.991,862126.492
2016-05-15,1070345.667,0.10629304392746237,6,5,2016,936213.521,820884.224,1270189.696,1271846.739
2016-05-16,748538.224,0.10793455886362323,0,5,2016,1070345.667,771777.443,974000.6699999999,1345967.126
2016-05-17,661954.839,0.15001899548014333,1,5,2016,748538.224,693031.487,792298.192,1152355.73
2016-05-18,671232.959,0.27663722931102375,2,5,2016,661954.839,727611.802,798684.454,1062918.29
2016-05-19,581501.56,0.11240215073541676,3,5,2016,671232.959,603398.207,648738.603,1003188.363
2016-05-20,706034.971,0.18709737679551852,4,5,2016,581501.56,666854.356,761449.516,857285.244
2016-05-21,910768.163,0.09248746983264938,5,5,2016,706034.971,936213.521,1077605.777,1022593.135
2016-05-22,1030740.623,0.10540014003115505,6,5,2016,910768.163,1070345.667,820884.224,1044048.932
2016-05-23,695016.427,0.09550463761916235,0,5,2016,1030740.623,748538.224,771777.443,680264.754
2016-05-24,606386.205,0.1589097281657323,1,5,2016,695016.427,661954.839,693031.487,704814.418
2016-05-25,637527.464,0.28744675696041855,2,5,2016,606386.205,671232.959,727611.802,672870.791
2016-05-26,571972.861,0.15045839736091954,3,5,2016,637527.464,581501.56,603398.207,543523.269
2016-05-27,852699.219,0.23248309085175786,4,5,2016,571972.861,706034.971,666854.356,708730.429
2016-05-28,816202.272,0.14987900817801203,5,5,2016,852699.219,910768.163,936213.521,1067389.991
2016-05-29,959900.658,0.16467862448324314,6,5,2016,816202.272,1030740.623,1070345.667,1270189.696
2016-05-30,752477.575,0.15873662414458,0,5,2016,959900.658,695016.427,748538.224,974000.6699999999
2016-05-31,974342.901,0.19814225135920605,1,5,2016,752477.575,606386.205,661954.839,792298.192
2016-06-01,811567.844,0.2915511854607192,2,6,2016,974342.901,637527.464,671232.959,798684.454
2016-06-02,694536.1190000001,0.11800326686825625,3,6,2016,811567.844,571972.861,581501.56,648738.603
2016-06-03,742379.085,0.19317883531161173,4,6,2016,694536.1190000001,852699.219,706034.971,761449.516
2016-06-04,1012042.616,0.10259269852723277,5,6,2016,742379.085,816202.272,910768.163,1077605.777
2016-06-05,1123739.477,0.11177751478067902,6,6,2016,1012042.616,959900.658,1030740.623,820884.224
2016-06-06,729916.047,0.1120676676943917,0,6,2016,1123739.477,752477.575,695016.427,771777.443
2016-06-07,658770.653,0.1549344594134493,1,6,2016,729916.047,974342.901,606386.205,693031.487
2016-06-08,696750.55,0.3025321730998275,2,6,2016,658770.653,811567.844,637527.464,727611.802
2016-06-09,547166.613,0.11222808837570651,3,6,2016,696750.55,694536.1190000001,571972.861,603398.207
2016-06-10,637366.32,0.2047178049822275,4,6,2016,547166.613,742379.085,852699.219,666854.356
2016-06-11,845840.206,0.11687388977108992,5,6,2016,637366.32,1012042.616,816202.272,936213.521
2016-06-12,947492.765,0.12829428940283255,6,6,2016,845840.206,1123739.477,959900.658,1070345.667
2016-06-13,685386.193,0.12469237908911306,0,6,2016,947492.765,729916.047,752477.575,748538.224
2016-06-14,622272.633,0.17854009658817824,1,6,2016,685386.193,658770.653,974342.901,661954.839
2016-06-15,708336.637,0.32828684816425785,2,6,2016,622272.633,696750.55,811567.844,671232.959
2016-06-16,620540.243,0.13024466488952594,3,6,2016,708336.637,547166.613,694536.1190000001,581501.56
2016-06-17,737944.438,0.2034527076413848,4,6,2016,620540.243,637366.32,742379.085,706034.971
2016-06-18,972974.11,0.11543455971300202,5,6,2016,737944.438,845840.206,1012042.616,910768.163
2016-06-19,837479.024,0.12737879748973868,6,6,2016,972974.11,947492.765,1123739.477,1030740.623
2016-06-20,735762.365,0.13343398992689712,0,6,2016,837479.024,685386.193,729916.047,695016.427
2016-06-21,679257.022,0.17296270070800976,1,6,2016,735762.365,622272.633,658770.653,606386.205
2016-06-22,677733.651,0.3329179341575884,2,6,2016,679257.022,708336.637,696750.55,637527.464
2016-06-23,559671.3369999999,0.08456902805440616,3,6,2016,677733.651,620540.243,547166.613,571972.861
2016-06-24,641818.805,0.16888358077946936,4,6,2016,559671.3369999999,737944.438,637366.32,852699.219
2016-06-25,860301.563,0.0763562950774274,5,6,2016,641818.805,972974.11,845840.206,816202.272
2016-06-26,954363.824,0.08819410049222487,6,6,2016,860301.563,837479.024,947492.765,959900.658
2016-06-27,684745.609,0.08005063089057354,0,6,2016,954363.824,735762.365,685386.193,752477.575
2016-06-28,596955.139,0.12467200487572987,1,6,2016,684745.609,679257.022,622272.633,974342.901
2016-06-29,632510.735,0.27430395153688575,2,6,2016,596955.139,677733.651,708336.637,811567.844
2016-06-30,554182.673,0.08626023571112265,3,6,2016,632510.735,559671.3369999999,620540.243,694536.1190000001
2016-07-01,857095.622,0.16627115498205172,4,7,2016,554182.673,641818.805,737944.438,742379.085
2016-07-02,1078490.141,0.07448337165652402,5,7,2016,857095.622,860301.563,972974.11,1012042.616
2016-07-03,1126714.708,0.08112225335395194,6,7,2016,1078490.141,954363.824,837479.024,1123739.477
2016-07-04,850985.475,0.0751400004800317,0,7,2016,1126714.708,684745.609,735762.365,729916.047
2016-07-05,728041.558,0.12995699621861423,1,7,2016,850985.475,596955.139,679257.022,658770.653
2016-07-06,752123.94,0.28054484477651387,2,7,2016,728041.558,632510.735,677733.651,696750.55
2016-07-07,591742.782,0.0644082330352785,3,7,2016,752123.94,554182.673,559671.3369999999,547166.613
2016-07-08,688595.4,0.17069128983434972,4,7,2016,591742.782,857095.622,641818.805,637366.32
2016-07-09,868281.202,0.08079328314192849,5,7,2016,688595.4,1078490.141,860301.563,845840.206
2016-07-10,932493.3,0.09476773291561451,6,7,2016,868281.202,1126714.708,954363.824,947492.765
2016-07-11,688472.104,0.08504109557937876,0,7,2016,932493.3,850985.475,684745.609,685386.193
2016-07-12,627051.78,0.12762368205062746,1,7,2016,688472.104,728041.558,596955.139,622272.633
2016-07-13,642586.232,0.2673872492804981,2,7,2016,627051.78,752123.94,632510.735,708336.637
2016-07-14,535142.112,0.07277204340068831,3,7,2016,642586.232,591742.782,554182.673,620540.243
2016-07-15,675043.497,0.16255115187044014,4,7,2016,535142.112,688595.4,857095.622,737944.438
2016-07-16,887198.885,0.06894135805862742,5,7,2016,675043.497,868281.202,1078490.141,972974.11
2016-07-17,932677.697,0.07954278765175618,6,7,2016,887198.885,932493.3,1126714.708,837479.024
2016-07-18,702619.751,0.07499763268112285,0,7,2016,932677.697,688472.104,850985.475,735762.365
2016-07-19,633182.292,0.12132242952871462,1,7,2016,702619.751,627051.78,728041.558,679257.022
2016-07-20,686851.847,0.25861242824902825,2,7,2016,633182.292,642586.232,752123.94,677733.651
2016-07-21,579087.128,0.0716382388661901,3,7,2016,686851.847,535142.112,591742.782,559671.3369999999
2016-07-22,646654.655,0.15234769631403952,4,7,2016,579087.128,675043.497,688595.4,641818.805
2016-07-23,822294.472,0.06421467709927643,5,7,2016,646654.655,887198.885,868281.202,860301.563
2016-07-24,847870.678,0.07383062844874086,6,7,2016,822294.472,932677.697,932493.3,954363.824
2016-07-25,697391.365,0.07111489686999495,0,7,2016,847870.678,702619.751,688472.104,684745.609
2016-07-26,622785.924,0.11594066952611473,1,7,2016,697391.365,633182.292,627051.78,596955.139
2016-07-27,651127.841,0.20269840066629863,2,7,2016,622785.924,686851.847,642586.232,632510.735
2016-07-28,533280.486,0.07095956066916725,3,7,2016,651127.841,579087.128,535142.112,554182.673
2016-07-29,669593.081,0.16120225561291304,4,7,2016,533280.486,646654.655,675043.497,857095.622
2016-07-30,910218.872,0.06932870207507628,5,7,2016,669593.081,822294.472,887198.885,1078490.141
2016-07-31,997936.957,0.07598084875816458,6,7,2016,910218.872,847870.678,932677.697,1126714.708
2016-08-01,895595.405,0.07021314719675231,0,8,2016,997936.957,697391.365,702619.751,850985.475
2016-08-02,777629.289,0.11329242255431558,1,8,2016,895595.405,622785.924,633182.292,728041.558
2016-08-03,779856.15,0.24152221662931042,2,8,2016,777629.289,651127.841,686851.847,752123.94
2016-08-04,622931.8929999999,0.10797369464594103,3,8,2016,779856.15,533280.486,579087.128,591742.782
2016-08-05,704107.739,0.19633133871860486,4,8,2016,622931.8929999999,669593.081,646654.655,688595.4
2016-08-06,858966.851,0.10244703843641109,5,8,2016,704107.739,910218.872,822294.472,868281.202
2016-08-07,904351.437,0.11879935233629756,6,8,2016,858966.851,997936.957,847870.678,932493.3
2016-08-08,715235.157,0.12071670995893174,0,8,2016,904351.437,895595.405,697391.365,688472.104
2016-08-09,635578.153,0.16699276320153816,1,8,2016,715235.157,777629.289,622785.924,627051.78
2016-08-10,658461.436,0.2944511286458999,2,8,2016,635578.153,779856.15,651127.841,642586.232
2016-08-11,596732.28,0.1295246437816302,3,8,2016,658461.436,622931.8929999999,533280.486,535142.112
2016-08-12,745673.505,0.19557935882407407,4,8,2016,596732.28,704107.739,669593.081,675043.497
2016-08-13,714914.919,0.1159386519950355,5,8,2016,745673.505,858966.851,910218.872,887198.885
2016-08-14,761828.128,0.12639974091374057,6,8,2016,714914.919,904351.437,997936.957,932677.697
2016-08-15,720039.3,0.1291891262046391,0,8,2016,761828.128,715235.157,895595.405,702619.751
2016-08-16,718699.651,0.16247497941250566,1,8,2016,720039.3,635578.153,777629.289,633182.292
2016-08-17,725949.703,0.3025258541913062,2,8,2016,718699.651,658461.436,779856.15,686851.847
2016-08-18,577363.667,0.1359944320846916,3,8,2016,725949.703,596732.28,622931.8929999999,579087.128
2016-08-19,678794.116,0.21198287758876214,4,8,2016,577363.667,745673.505,704107.739,646654.655
2016-08-20,828992.336,0.11872708796670951,5,8,2016,678794.116,714914.919,858966.851,822294.472
2016-08-21,901877.15,0.1299450152384945,6,8,2016,828992.336,761828.128,904351.437,847870.678
2016-08-22,714874.234,0.1260797881827141,0,8,2016,901877.15,720039.3,715235.157,697391.365
2016-08-23,660847.978,0.16653838048060124,1,8,2016,714874.234,718699.651,635578.153,622785.924
2016-08-24,674615.048,0.3077312159215281,2,8,2016,660847.978,725949.703,658461.436,651127.841
2016-08-25,554431.5290000001,0.10475817294293881,3,8,2016,674615.048,577363.667,596732.28,533280.486
2016-08-26,646707.273,0.17647443405201968,4,8,2016,554431.5290000001,678794.116,745673.505,669593.081
2016-08-27,791054.535,0.08850630886023553,5,8,2016,646707.273,828992.336,714914.919,910218.872
2016-08-28,858803.804,0.09783887962377959,6,8,2016,791054.535,901877.15,761828.128,997936.957
2016-08-29,671850.737,0.10273778712845262,0,8,2016,858803.804,714874.234,720039.3,895595.405
2016-08-30,624717.335,0.1460255268888929,1,8,2016,671850.737,660847.978,718699.651,777629.289
2016-08-31,731521.124,0.2766175238980522,2,8,2016,624717.335,674615.048,725949.703,779856.15
2016-09-01,718185.571,0.09817737482782148,3,9,2016,731521.124,554431.5290000001,577363.667,622931.8929999999
2016-09-02,837154.588,0.1743465425527836,4,9,2016,718185.571,646707.273,678794.116,704107.739
2016-09-03,1057595.379,0.08076492456005711,5,9,2016,837154.588,791054.535,828992.336,858966.851
2016-09-04,1109991.891,0.0899592130443771,6,9,2016,1057595.379,858803.804,901877.15,904351.437
2016-09-05,813794.502,0.09296945827731827,0,9,2016,1109991.891,671850.737,714874.234,715235.157
2016-09-06,751679.025,0.13102472960450107,1,9,2016,813794.502,624717.335,660847.978,635578.153
2016-09-07,738550.916,0.26836709386736446,2,9,2016,751679.025,731521.124,674615.048,658461.436
2016-09-08,595879.299,0.08757335938263565,3,9,2016,738550.916,718185.571,554431.5290000001,596732.28
2016-09-09,658974.027,0.1775146018008385,4,9,2016,595879.299,837154.588,646707.273,745673.505
2016-09-10,915961.559,0.08431275443951246,5,9,2016,658974.027,1057595.379,791054.535,714914.919
2016-09-11,1017372.224,0.08845850798458599,6,9,2016,915961.559,1109991.891,858803.804,761828.128
2016-09-12,678801.459,0.09371222933685533,0,9,2016,1017372.224,813794.502,671850.737,720039.3
2016-09-13,603447.947,0.1368869384851847,1,9,2016,678801.459,751679.025,624717.335,718699.651
2016-09-14,624266.072,0.2818521587058154,2,9,2016,603447.947,738550.916,731521.124,725949.703
2016-09-15,568335.813,0.12307407944394314,3,9,2016,624266.072,595879.299,718185.571,577363.667
2016-09-16,691922.871,0.22093608609737658,4,9,2016,568335.813,658974.027,837154.588,678794.116
2016-09-17,899241.297,0.12086794652625922,5,9,2016,691922.871,915961.559,1057595.379,828992.336
2016-09-18,1018664.358,0.12867649287087357,6,9,2016,899241.297,1017372.224,1109991.891,901877.15
2016-09-19,681188.342,0.12933574250746646,0,9,2016,1018664.358,678801.459,813794.502,714874.234
2016-09-20,650984.322,0.1798028002278064,1,9,2016,681188.342,603447.947,751679.025,660847.978
2016-09-21,666934.4,0.31908510342246554,2,9,2016,650984.322,624266.072,738550.916,674615.048
2016-09-22,533293.851,0.13980632414979785,3,9,2016,666934.4,568335.813,595879.299,554431.5290000001
2016-09-23,663837.985,0.22337005617417327,4,9,2016,533293.851,691922.871,658974.027,646707.273
2016-09-24,861846.39,0.12873502318667251,5,9,2016,663837.985,899241.297,915961.559,791054.535
2016-09-25,952354.551,0.1296898627410455,6,9,2016,861846.39,1018664.358,1017372.224,858803.804
2016-09-26,664251.44,0.13271875933005128,0,9,2016,952354.551,681188.342,678801.459,671850.737
2016-09-27,587926.397,0.18055361783662183,1,9,2016,664251.44,650984.322,603447.947,624717.335
2016-09-28,631768.175,0.3004605858786729,2,9,2016,587926.397,666934.4,624266.072,731521.124
2016-09-29,520749.921,0.13994278839266497,3,9,2016,631768.175,533293.851,568335.813,718185.571
2016-09-30,703203.491,0.21347925589294323,4,9,2016,520749.921,663837.985,691922.871,837154.588
2016-10-01,1175039.747,0.12328061188554842,5,10,2016,703203.491,861846.39,899241.297,1057595.379
2016-10-02,1256489.17,0.12854944782373254,6,10,2016,1175039.747,952354.551,1018664.358,1109991.891
2016-10-03,833068.559,0.1358951670627147,0,10,2016,1256489.17,664251.44,681188.342,813794.502
2016-10-04,724121.096,0.18072803115792666,1,10,2016,833068.559,587926.397,650984.322,751679.025
2016-10-05,749736.007,0.315956413708699,2,10,2016,724121.096,631768.175,666934.4,738550.916
2016-10-06,581448.34,0.1414113384518391,3,10,2016,749736.007,520749.921,533293.851,595879.299
2016-10-07,797617.236,0.19609357589158216,4,10,2016,581448.34,703203.491,663837.985,658974.027
2016-10-08,932556.87,0.12989063927007474,5,10,2016,797617.236,1175039.747,861846.39,915961.559
2016-10-09,1088257.48,0.13344099964284187,6,10,2016,932556.87,1256489.17,952354.551,1017372.224
2016-10-10,725329.847,0.14705380792085343,0,10,2016,1088257.48,833068.559,664251.44,678801.459
2016-10-11,625290.994,0.19311916557045442,1,10,2016,725329.847,724121.096,587926.397,603447.947
2016-10-12,665175.357,0.30984762112887476,2,10,2016,625290.994,749736.007,631768.175,624266.072
2016-10-13,558867.289,0.16176573540699749,3,10,2016,665175.357,581448.34,520749.921,568335.813
2016-10-14,667961.813,0.2276244435548294,4,10,2016,558867.289,797617.236,703203.491,691922.871
2016-10-15,890631.591,0.12632734133500997,5,10,2016,667961.813,932556.87,1175039.747,899241.297
2016-10-16,1104507.688,0.1310046028398491,6,10,2016,890631.591,1088257.48,1256489.17,1018664.358
2016-10-17,710500.938,0.13381571214758903,0,10,2016,1104507.688,725329.847,833068.559,681188.342
2016-10-18,630653.592,0.17925148200852556,1,10,2016,710500.938,625290.994,724121.096,650984.322
2016-10-19,647845.469,0.30569942289740704,2,10,2016,630653.592,665175.357,749736.007,666934.4
2016-10-20,583017.169,0.11409291962034826,3,10,2016,647845.469,558867.289,581448.34,533293.851
2016-10-21,669473.542,0.21326821904486853,4,10,2016,583017.169,667961.813,797617.236,663837.985
2016-10-22,843637.416,0.11013928761073347,5,10,2016,669473.542,890631.591,932556.87,861846.39
2016-10-23,1022960.69,0.11707965435113642,6,10,2016,843637.416,1104507.688,1088257.48,952354.551
2016-10-24,668571.645,0.1303076501247671,0,10,2016,1022960.69,710500.938,725329.847,664251.44
2016-10-25,610603.898,0.15926362625349633,1,10,2016,668571.645,630653.592,625290.994,587926.397
2016-10-26,633416.8910000001,0.35519997997653646,2,10,2016,610603.898,647845.469,665175.357,631768.175
2016-10-27,544369.75,0.1958853058973244,3,10,2016,633416.8910000001,583017.169,558867.289,520749.921
2016-10-28,638854.27,0.29224205858403357,4,10,2016,544369.75,669473.542,667961.813,703203.491
2016-10-29,841075.697,0.20735722197427847,5,10,2016,638854.27,843637.416,890631.591,1175039.747
2016-10-30,954855.191,0.22545356304189584,6,10,2016,841075.697,1022960.69,1104507.688,1256489.17
2016-10-31,654937.503,0.22680282976557536,0,10,2016,954855.191,668571.645,710500.938,833068.559
2016-11-01,811838.963,0.23786683665243102,1,11,2016,654937.503,610603.898,630653.592,724121.096
2016-11-02,969060.619,0.3571690936704962,2,11,2016,811838.963,633416.8910000001,647845.469,749736.007
2016-11-03,793824.684,0.19609529426021224,3,11,2016,969060.619,544369.75,583017.169,581448.34
2016-11-04,858480.896,0.28138141002965317,4,11,2016,793824.684,638854.27,669473.542,797617.236
2016-11-05,887756.299,0.21240951397631258,5,11,2016,858480.896,841075.697,843637.416,932556.87
2016-11-06,1140412.104,0.22803298043564083,6,11,2016,887756.299,954855.191,1022960.69,1088257.48
2016-11-07,849466.406,0.21183927666705163,0,11,2016,1140412.104,654937.503,668571.645,725329.847
2016-11-08,767451.628,0.24540150561775861,1,11,2016,849466.406,811838.963,610603.898,625290.994
2016-11-09,790296.839,0.40682764264479104,2,11,2016,767451.628,969060.619,633416.8910000001,665175.357
2016-11-10,588271.759,0.21809675381680188,3,11,2016,790296.839,793824.684,544369.75,558867.289
2016-11-11,713417.286,0.32212972479054847,4,11,2016,588271.759,858480.896,638854.27,667961.813
2016-11-12,929828.304,0.23654611400170927,5,11,2016,713417.286,887756.299,841075.697,890631.591
2016-11-13,1188993.668,0.2363130078502655,6,11,2016,929828.304,1140412.104,954855.191,1104507.688
2016-11-14,735728.173,0.21197170330461168,0,11,2016,1188993.668,849466.406,654937.503,710500.938
2016-11-15,691816.629,0.27357953259027545,1,11,2016,735728.173,767451.628,811838.963,630653.592
2016-11-16,830581.603,0.383771194604704,2,11,2016,691816.629,790296.839,969060.619,647845.469
2016-11-17,615277.705,0.183345356224146,3,11,2016,830581.603,588271.759,793824.684,583017.169
2016-11-18,738316.552,0.26519062110908764,4,11,2016,615277.705,713417.286,858480.896,669473.542
2016-11-19,935767.089,0.1910193691370567,5,11,2016,738316.552,929828.304,887756.299,843637.416
2016-11-20,1125191.989,0.20009885975112465,6,11,2016,935767.089,1188993.668,1140412.104,1022960.69
2016-11-21,773784.619,0.1922392230957488,0,11,2016,1125191.989,735728.173,849466.406,668571.645
2016-11-22,690294.534,0.2439538526028659,1,11,2016,773784.619,691816.629,767451.628,610603.898
2016-11-23,753731.016,0.39987031527438166,2,11,2016,690294.534,830581.603,790296.839,633416.8910000001
2016-11-24,595526.306,0.21308251494771083,3,11,2016,753731.016,615277.705,588271.759,544369.75
2016-11-25,740658.485,0.3306613992277426,4,11,2016,595526.306,738316.552,713417.286,638854.27
2016-11-26,908246.098,0.2108974939961702,5,11,2016,740658.485,935767.089,929828.304,841075.697
2016-11-27,1056734.592,0.21266123556594996,6,11,2016,908246.098,1125191.989,1188993.668,954855.191
2016-11-28,752606.77,0.20945423863248003,0,11,2016,1056734.592,773784.619,735728.173,654937.503
2016-11-29,645773.508,0.23709843947330214,1,11,2016,752606.77,690294.534,691816.629,811838.963
2016-11-30,767511.704,0.37019288112380366,2,11,2016,645773.508,753731.016,830581.603,969060.619
2016-12-01,843692.556,0.20027197916867717,3,12,2016,767511.704,595526.306,615277.705,793824.684
2016-12-02,853501.931,0.28368823456124087,4,12,2016,843692.556,740658.485,738316.552,858480.896
2016-12-03,1113462.198,0.19858410316683242,5,12,2016,853501.931,908246.098,935767.089,887756.299
2016-12-04,1276198.036,0.20300752758719962,6,12,2016,1113462.198,1056734.592,1125191.989,1140412.104
2016-12-05,896865.939,0.1972720183768736,0,12,2016,1276198.036,752606.77,773784.619,849466.406
2016-12-06,932547.386,0.23715191884093703,1,12,2016,896865.939,645773.508,690294.534,767451.628
2016-12-07,868148.934,0.41747715951235626,2,12,2016,932547.386,767511.704,753731.016,790296.839
2016-12-08,674098.245,0.1878772967284613,3,12,2016,868148.934,843692.556,595526.306,588271.759
2016-12-09,775164.495,0.26927785566339696,4,12,2016,674098.245,853501.931,740658.485,713417.286
2016-12-10,920057.657,0.18143992686753976,5,12,2016,775164.495,1113462.198,908246.098,929828.304
2016-12-11,1119327.245,0.18971041931530933,6,12,2016,920057.657,1276198.036,1056734.592,1188993.668
2016-12-12,844320.214,0.1759416599730964,0,12,2016,1119327.245,896865.939,752606.77,735728.173
2016-12-13,747171.616,0.22633432852459964,1,12,2016,844320.214,932547.386,645773.508,691816.629
2016-12-14,830165.219,0.3477952417083857,2,12,2016,747171.616,868148.934,767511.704,830581.603
2016-12-15,747711.578,0.20860880396852702,3,12,2016,830165.219,674098.245,843692.556,615277.705
2016-12-16,919045.989,0.2698797655054017,4,12,2016,747711.578,775164.495,853501.931,738316.552
2016-12-17,1071758.551,0.20534456925457273,5,12,2016,919045.989,920057.657,1113462.198,935767.089
2016-12-18,1260484.908,0.21175946360477962,6,12,2016,1071758.551,1119327.245,1276198.036,1125191.989
2016-12-19,1028269.823,0.1776919685019289,0,12,2016,1260484.908,844320.214,896865.939,773784.619
2016-12-20,1081795.053,0.2109254903386954,1,12,2016,1028269.823,747171.616,932547.386,690294.534
2016-12-21,1181427.348,0.333216963926249,2,12,2016,1081795.053,830165.219,868148.934,753731.016
2016-12-22,1135866.392,0.20145637868296046,3,12,2016,1181427.348,747711.578,674098.245,595526.306
2016-12-23,1282248.908,0.2528334249125365,4,12,2016,1135866.392,919045.989,775164.495,740658.485
2016-12-24,1246854.2850000001,0.1875757366467245,5,12,2016,1282248.908,1071758.551,920057.657,908246.098
2016-12-26,1032778.471,0.17492707494674334,0,12,2016,1246854.2850000001,1260484.908,1119327.245,1056734.592
2016-12-27,842607.592,0.20360142921665011,1,12,2016,1032778.471,1028269.823,844320.214,752606.77
2016-12-28,951562.907,0.36280398012614,2,12,2016,842607.592,1081795.053,747171.616,645773.508
2016-12-29,894161.904,0.22082946513006443,3,12,2016,951562.907,1181427.348,830165.219,767511.704
2016-12-30,1163657.038,0.2738975484974466,4,12,2016,894161.904,1135866.392,747711.578,843692.556
2016-12-31,1109046.812,0.18453405102975945,5,12,2016,1163657.038,1282248.908,919045.989,853501.931
2017-01-01,12082.501,0.08285519694970436,6,1,2017,1109046.812,1246854.2850000001,1071758.551,1113462.198
2017-01-02,1402313.371,0.13383020648670688,0,1,2017,12082.501,1032778.471,1260484.908,1276198.036
2017-01-03,1104436.403,0.17758042062653742,1,1,2017,1402313.371,842607.592,1028269.823,896865.939
2017-01-04,990108.013,0.3636965343901322,2,1,2017,1104436.403,951562.907,1081795.053,932547.386
2017-01-05,777651.758,0.15156619243442898,3,1,2017,990108.013,894161.904,1181427.348,868148.934
2017-01-06,839667.184,0.24781804501246293,4,1,2017,777651.758,1163657.038,1135866.392,674098.245
2017-01-07,1103817.742,0.1616535630933897,5,1,2017,839667.184,1109046.812,1282248.908,775164.495
2017-01-08,1192548.985,0.17445308294820275,6,1,2017,1103817.742,12082.501,1246854.2850000001,920057.657
2017-01-09,794370.897,0.17260011855645815,0,1,2017,1192548.985,1402313.371,1032778.471,1119327.245
2017-01-10,742653.09,0.21244012598129766,1,1,2017,794370.897,1104436.403,842607.592,844320.214
2017-01-11,770796.548,0.35603428908973267,2,1,2017,742653.09,990108.013,951562.907,747171.616
2017-01-12,629706.794,0.17468069909374362,3,1,2017,770796.548,777651.758,894161.904,830165.219
2017-01-13,768908.234,0.27382850344141324,4,1,2017,629706.794,839667.184,1163657.038,747711.578
2017-01-14,1021191.929,0.18461579223860083,5,1,2017,768908.234,1103817.742,1109046.812,919045.989
2017-01-15,1175739.166,0.19068885811021796,6,1,2017,1021191.929,1192548.985,12082.501,1071758.551
2017-01-16,824494.331,0.17925756605353785,0,1,2017,1175739.166,794370.897,1402313.371,1260484.908
2017-01-17,750840.543,0.2204334775779416,1,1,2017,824494.331,742653.09,1104436.403,1028269.823
2017-01-18,782671.734,0.36720251226039546,2,1,2017,750840.543,770796.548,990108.013,1081795.053
2017-01-19,606967.745,0.17142980637298938,3,1,2017,782671.734,629706.794,777651.758,1181427.348
2017-01-20,725709.069,0.25175916466327086,4,1,2017,606967.745,768908.234,839667.184,1135866.392
2017-01-21,1072726.244,0.16737151254034205,5,1,2017,725709.069,1021191.929,1103817.742,1282248.908
2017-01-22,1148292.359,0.17368128285176548,6,1,2017,1072726.244,1175739.166,1192548.985,1246854.2850000001
2017-01-23,798149.047,0.15925412988684556,0,1,2017,1148292.359,824494.331,794370.897,1032778.471
2017-01-24,721306.943,0.22177639291072238,1,1,2017,798149.047,750840.543,742653.09,842607.592
2017-01-25,744636.593,0.3593993976602759,2,1,2017,721306.943,782671.734,770796.548,951562.907
2017-01-26,576548.537,0.11629208765124313,3,1,2017,744636.593,606967.745,629706.794,894161.904
2017-01-27,722130.959,0.19916222148841564,4,1,2017,576548.537,725709.069,768908.234,1163657.038
2017-01-28,977862.406,0.10325743620007824,5,1,2017,722130.959,1072726.244,1021191.929,1109046.812
2017-01-29,1075167.993,0.10861830314920842,6,1,2017,977862.406,1148292.359,1175739.166,12082.501
2017-01-30,698154.768,0.10773451310154197,0,1,2017,1075167.993,798149.047,824494.331,1402313.371
2017-01-31,778232.979,0.15909669255997952,1,1,2017,698154.768,721306.943,750840.543,1104436.403
2017-02-01,961784.778,0.2762881395904147,2,2,2017,778232.979,744636.593,782671.734,990108.013
2017-02-02,748895.733,0.1161909464371324,3,2,2017,961784.778,576548.537,606967.745,777651.758
2017-02-03,834706.152,0.19885177388748898,4,2,2017,748895.733,722130.959,725709.069,839667.184
2017-02-04,1132794.542,0.09579635403998972,5,2,2017,834706.152,977862.406,1072726.244,1103817.742
2017-02-05,1152000.631,0.11033471907881272,6,2,2017,1132794.542,1075167.993,1148292.359,1192548.985
2017-02-06,786691.394,0.1054627616785649,0,2,2017,1152000.631,698154.768,798149.047,794370.897
2017-02-07,739435.224,0.15360940257290204,1,2,2017,786691.394,778232.979,721306.943,742653.09
2017-02-08,783617.377,0.32744394972752117,2,2,2017,739435.224,961784.778,744636.593,770796.548
2017-02-09,624405.57,0.10705545435797442,3,2,2017,783617.377,748895.733,576548.537,629706.794
2017-02-10,752275.221,0.17286401754285616,4,2,2017,624405.57,834706.152,722130.959,768908.234
2017-02-11,944926.653,0.0937696208681289,5,2,2017,752275.221,1132794.542,977862.406,1021191.929
2017-02-12,1075610.716,0.09631952011902419,6,2,2017,944926.653,1152000.631,1075167.993,1175739.166
2017-02-13,794341.641,0.09911163652567473,0,2,2017,1075610.716,786691.394,698154.768,824494.331
2017-02-14,642624.187,0.14484123828971285,1,2,2017,794341.641,739435.224,778232.979,750840.543
2017-02-15,745786.355,0.29875585884110206,2,2,2017,642624.187,783617.377,961784.778,782671.734
2017-02-16,645980.518,0.12249129160269814,3,2,2017,745786.355,624405.57,748895.733,606967.745
2017-02-17,758860.325,0.20594784026955157,4,2,2017,645980.518,752275.221,834706.152,725709.069
2017-02-18,1063399.844,0.11165570003600639,5,2,2017,758860.325,944926.653,1132794.542,1072726.244
2017-02-19,858907.123,0.11609922345468777,6,2,2017,1063399.844,1075610.716,1152000.631,1148292.359
2017-02-20,759153.06,0.11317061673965985,0,2,2017,858907.123,794341.641,786691.394,798149.047
2017-02-21,717813.6769999999,0.16312553765954507,1,2,2017,759153.06,642624.187,739435.224,721306.943
2017-02-22,739393.035,0.30224280108345897,2,2,2017,717813.6769999999,745786.355,783617.377,744636.593
2017-02-23,675587.681,0.13304729575138596,3,2,2017,739393.035,645980.518,624405.57,576548.537
2017-02-24,816218.499,0.20318402143933767,4,2,2017,675587.681,758860.325,752275.221,722130.959
2017-02-25,1026013.223,0.12543339804500744,5,2,2017,816218.499,1063399.844,944926.653,977862.406
2017-02-26,775715.988,0.14603495964040902,6,2,2017,1026013.223,858907.123,1075610.716,1075167.993
2017-02-27,744959.948,0.13400550763569374,0,2,2017,775715.988,759153.06,794341.641,698154.768
2017-02-28,949377.307,0.15462349259628974,1,2,2017,744959.948,717813.6769999999,642624.187,778232.979
2017-03-01,1008536.71,0.30118602722948973,2,3,2017,949377.307,739393.035,745786.355,961784.778
2017-03-02,836249.179,0.1384191266273279,3,3,2017,1008536.71,675587.681,645980.518,748895.733
2017-03-03,882703.811,0.22390640160043446,4,3,2017,836249.179,816218.499,758860.325,834706.152
2017-03-04,1125743.347,0.12924995061063416,5,3,2017,882703.811,1026013.223,1063399.844,1132794.542
2017-03-05,1196987.69,0.13626856680539462,6,3,2017,1125743.347,775715.988,858907.123,1152000.631
2017-03-06,790150.241,0.13456783341030454,0,3,2017,1196987.69,744959.948,759153.06,786691.394
2017-03-07,761939.73,0.1868982918110859,1,3,2017,790150.241,949377.307,717813.6769999999,739435.224
2017-03-08,781083.094,0.3162824363985018,2,3,2017,761939.73,1008536.71,739393.035,783617.377
2017-03-09,653932.192,0.14429131667523104,3,3,2017,781083.094,836249.179,675587.681,624405.57
2017-03-10,773893.307,0.2320233801944484,4,3,2017,653932.192,882703.811,816218.499,752275.221
2017-03-11,1001198.434,0.14255018401277283,5,3,2017,773893.307,1125743.347,1026013.223,944926.653
2017-03-12,1146020.921,0.15641162627606164,6,3,2017,1001198.434,1196987.69,775715.988,1075610.716
2017-03-13,754571.38,0.14551975056355834,0,3,2017,1146020.921,790150.241,744959.948,794341.641
2017-03-14,701019.035,0.20748856698306345,1,3,2017,754571.38,761939.73,949377.307,642624.187
2017-03-15,815750.374,0.327879263712112,2,3,2017,701019.035,781083.094,1008536.71,745786.355
2017-03-16,699113.167,0.16908386164038589,3,3,2017,815750.374,653932.192,836249.179,645980.518
2017-03-17,812322.774,0.2534395668685266,4,3,2017,699113.167,773893.307,882703.811,758860.325
2017-03-18,1038915.566,0.16703223599597122,5,3,2017,812322.774,1001198.434,1125743.347,1063399.844
2017-03-19,1157142.639,0.18141292086636174,6,3,2017,1038915.566,1146020.921,1196987.69,858907.123
2017-03-20,826439.978,0.16458537779013394,0,3,2017,1157142.639,754571.38,790150.241,759153.06
2017-03-21,746635.926,0.21712552176333397,1,3,2017,826439.978,701019.035,761939.73,717813.6769999999
2017-03-22,767986.805,0.3445518897945128,2,3,2017,746635.926,815750.374,781083.094,739393.035
2017-03-23,671340.192,0.19221006806635524,3,3,2017,767986.805,699113.167,653932.192,675587.681
2017-03-24,787950.265,0.2613918861998225,4,3,2017,671340.192,812322.774,773893.307,816218.499
2017-03-25,1038144.537,0.1829021048925483,5,3,2017,787950.265,1038915.566,1001198.434,1026013.223
2017-03-26,1101559.477,0.19209575190282713,6,3,2017,1038144.537,1157142.639,1146020.921,775715.988
2017-03-27,784114.778,0.18425574807875894,0,3,2017,1101559.477,826439.978,754571.38,744959.948
2017-03-28,702969.949,0.24498399148496172,1,3,2017,784114.778,746635.926,701019.035,949377.307
2017-03-29,824649.985,0.3631320541405212,2,3,2017,702969.949,767986.805,815750.374,1008536.71
2017-03-30,637640.341,0.15327541203984144,3,3,2017,824649.985,671340.192,699113.167,836249.179
2017-03-31,878763.038,0.21857729296074466,4,3,2017,637640.341,787950.265,812322.774,882703.811
2017-04-01,1463083.963,0.11583695487474904,5,4,2017,878763.038,1038144.537,1038915.566,1125743.347
2017-04-02,1138655.059,0.1309297392758521,6,4,2017,1463083.963,1101559.477,1157142.639,1196987.69
2017-04-03,835198.449,0.14259756485730735,0,4,2017,1138655.059,784114.778,826439.978,790150.241
2017-04-04,835630.636,0.1890997005045181,1,4,2017,835198.449,702969.949,746635.926,761939.73
2017-04-05,846636.816,0.296497376745308,2,4,2017,835630.636,824649.985,767986.805,781083.094
2017-04-06,693088.811,0.15135899661782307,3,4,2017,846636.816,637640.341,671340.192,653932.192
2017-04-07,767866.212,0.2072006418743165,4,4,2017,693088.811,878763.038,787950.265,773893.307
2017-04-08,988600.778,0.11764867233393983,5,4,2017,767866.212,1463083.963,1038144.537,1001198.434
2017-04-09,1101721.657,0.12885279153589335,6,4,2017,988600.778,1138655.059,1101559.477,1146020.921
2017-04-10,739419.3130000001,0.1305264459598988,0,4,2017,1101721.657,835198.449,784114.778,754571.38
2017-04-11,741360.289,0.20488470754872062,1,4,2017,739419.3130000001,835630.636,702969.949,701019.035
2017-04-12,791777.264,0.368885130048392,2,4,2017,741360.289,846636.816,824649.985,815750.374
2017-04-13,737039.565,0.1385509066938625,3,4,2017,791777.264,693088.811,637640.341,699113.167
2017-04-14,740897.996,0.20510503040961117,4,4,2017,737039.565,767866.212,878763.038,812322.774
2017-04-15,898620.794,0.1410971288963963,5,4,2017,740897.996,988600.778,1463083.963,1038915.566
2017-04-16,985522.796,0.14572405182599146,6,4,2017,898620.794,1101721.657,1138655.059,1157142.639
2017-04-17,775932.906,0.14324860067218234,0,4,2017,985522.796,739419.3130000001,835198.449,826439.978
2017-04-18,717237.093,0.19030566228676632,1,4,2017,775932.906,741360.289,835630.636,746635.926
2017-04-19,735786.811,0.34839624082362086,2,4,2017,717237.093,791777.264,846636.816,767986.805
2017-04-20,675813.064,0.15326675010828142,3,4,2017,735786.811,737039.565,693088.811,671340.192
2017-04-21,795803.894,0.25490813695365006,4,4,2017,675813.064,740897.996,767866.212,787950.265
2017-04-22,974969.928,0.16804276141735522,5,4,2017,795803.894,898620.794,988600.778,1038144.537
2017-04-23,1140074.513,0.17193329625815432,6,4,2017,974969.928,985522.796,1101721.657,1101559.477
2017-04-24,755078.531,0.17342343031072088,0,4,2017,1140074.513,775932.906,739419.3130000001,784114.778
2017-04-25,719032.924,0.2151777030449304,1,4,2017,755078.531,717237.093,741360.289,702969.949
2017-04-26,781204.283,0.3671444143887265,2,4,2017,719032.924,735786.811,791777.264,824649.985
2017-04-27,624923.026,0.18586690387049365,3,4,2017,781204.283,675813.064,737039.565,637640.341
2017-04-28,797773.625,0.2577827200040613,4,4,2017,624923.026,795803.894,740897.996,878763.038
2017-04-29,1068287.816,0.16603533930035946,5,4,2017,797773.625,974969.928,898620.794,1463083.963
2017-04-30,1041265.629,0.170464190938929,6,4,2017,1068287.816,1140074.513,985522.796,1138655.059
2017-05-01,1306707.367,0.15513587060078157,0,5,2017,1041265.629,755078.531,775932.906,835198.449
2017-05-02,908063.094,0.19648136476296435,1,5,2017,1306707.367,719032.924,717237.093,835630.636
2017-05-03,924259.659,0.3517491094999744,2,5,2017,908063.094,781204.283,735786.811,846636.816
2017-05-04,716659.609,0.16513527693452024,3,5,2017,924259.659,624923.026,675813.064,693088.811
2017-05-05,780810.407,0.24138573757508847,4,5,2017,716659.609,797773.625,795803.894,767866.212
2017-05-06,1039420.575,0.12952048885505274,5,5,2017,780810.407,1068287.816,974969.928,988600.778
2017-05-07,1227395.608,0.13021777897709408,6,5,2017,1039420.575,1041265.629,1140074.513,1101721.657
2017-05-08,776324.488,0.14225862085648908,0,5,2017,1227395.608,1306707.367,755078.531,739419.3130000001
2017-05-09,715825.199,0.19277216028825497,1,5,2017,776324.488,908063.094,719032.924,741360.289
2017-05-10,766156.907,0.3544018392566681,2,5,2017,715825.199,924259.659,781204.283,791777.264
2017-05-11,648704.471,0.18266410715088166,3,5,2017,766156.907,716659.609,624923.026,737039.565
2017-05-12,764825.416,0.252262001188517,4,5,2017,648704.471,780810.407,797773.625,740897.996
2017-05-13,1116980.89,0.14558500190634419,5,5,2017,764825.416,1039420.575,1068287.816,898620.794
2017-05-14,884201.914,0.15250065608883087,6,5,2017,1116980.89,1227395.608,1041265.629,985522.796
2017-05-15,823052.572,0.16167071646062484,0,5,2017,884201.914,776324.488,1306707.367,775932.906
2017-05-16,807813.895,0.19689444683295526,1,5,2017,823052.572,715825.199,908063.094,717237.093
2017-05-17,841885.608,0.34658835502982016,2,5,2017,807813.895,766156.907,924259.659,735786.811
2017-05-18,628544.429,0.16484049689986194,3,5,2017,841885.608,648704.471,716659.609,675813.064
2017-05-19,773836.438,0.25294006509422085,4,5,2017,628544.429,764825.416,780810.407,795803.894
2017-05-20,1035674.605,0.156884099711994,5,5,2017,773836.438,1116980.89,1039420.575,974969.928
2017-05-21,1201950.886,0.15402785268216027,6,5,2017,1035674.605,884201.914,1227395.608,1140074.513
2017-05-22,778937.156,0.14994841124256242,0,5,2017,1201950.886,823052.572,776324.488,755078.531
2017-05-23,723169.691,0.1944090933976933,1,5,2017,778937.156,807813.895,715825.199,719032.924
2017-05-24,746788.627,0.34645342824697306,2,5,2017,723169.691,841885.608,766156.907,781204.283
2017-05-25,620109.244,0.142596555132147,3,5,2017,746788.627,628544.429,648704.471,624923.026
2017-05-26,984517.329,0.22671860862694881,4,5,2017,620109.244,773836.438,764825.416,797773.625
2017-05-27,932234.557,0.1422207168833798,5,5,2017,984517.329,1035674.605,1116980.89,1068287.816
2017-05-28,1061776.638,0.1434572484914666,6,5,2017,932234.557,1201950.886,884201.914,1041265.629
2017-05-29,776896.747,0.14279324173821004,0,5,2017,1061776.638,778937.156,823052.572,1306707.367
2017-05-30,742522.039,0.19587632738265429,1,5,2017,776896.747,723169.691,807813.895,908063.094
2017-05-31,858105.149,0.31650143961553134,2,5,2017,742522.039,746788.627,841885.608,924259.659
2017-06-01,767043.173,0.04857568558269406,3,6,2017,858105.149,620109.244,628544.429,716659.609
2017-06-02,918430.36,0.2172061973212645,4,6,2017,767043.173,984517.329,773836.438,780810.407
2017-06-03,1176198.109,0.14730953627132554,5,6,2017,918430.36,932234.557,1035674.605,1039420.575
2017-06-04,1376518.52,0.1614555886977823,6,6,2017,1176198.109,1061776.638,1201950.886,1227395.608
2017-06-05,912746.976,0.1726483715022464,0,6,2017,1376518.52,776896.747,778937.156,776324.488
2017-06-06,806880.433,0.2177100792330157,1,6,2017,912746.976,742522.039,723169.691,715825.199
2017-06-07,843006.085,0.3630840885330027,2,6,2017,806880.433,858105.149,746788.627,766156.907
2017-06-08,667127.801,0.2072140207510255,3,6,2017,843006.085,767043.173,620109.244,648704.471
2017-06-09,795202.136,0.2519799355770342,4,6,2017,667127.801,918430.36,984517.329,764825.416
2017-06-10,993748.425,0.1778497510574671,5,6,2017,795202.136,1176198.109,932234.557,1116980.89
2017-06-11,1213710.947,0.18621669233407684,6,6,2017,993748.425,1376518.52,1061776.638,884201.914
2017-06-12,768411.759,0.18616765728073664,0,6,2017,1213710.947,912746.976,776896.747,823052.572
2017-06-13,729463.714,0.23634507884514186,1,6,2017,768411.759,806880.433,742522.039,807813.895
2017-06-14,786395.909,0.3821671216247388,2,6,2017,729463.714,843006.085,858105.149,841885.608
2017-06-15,660380.16,0.15477191198475737,3,6,2017,786395.909,667127.801,767043.173,628544.429
2017-06-16,834803.495,0.22508002796514406,4,6,2017,660380.16,795202.136,918430.36,773836.438
2017-06-17,1096135.551,0.14307427749873244,5,6,2017,834803.495,993748.425,1176198.109,1035674.605
2017-06-18,965149.43,0.1688845063090386,6,6,2017,1096135.551,1213710.947,1376518.52,1201950.886
2017-06-19,791362.394,0.14721558148743671,0,6,2017,965149.43,768411.759,912746.976,778937.156
2017-06-20,787335.717,0.19657540698106044,1,6,2017,791362.394,729463.714,806880.433,723169.691
2017-06-21,766411.011,0.3625029860120316,2,6,2017,787335.717,786395.909,843006.085,746788.627
2017-06-22,609966.831,0.15751067126468063,3,6,2017,766411.011,660380.16,667127.801,620109.244
2017-06-23,761073.06,0.24041319896410468,4,6,2017,609966.831,834803.495,795202.136,984517.329
2017-06-24,963273.2270000001,0.14559833396054722,5,6,2017,761073.06,1096135.551,993748.425,932234.557
2017-06-25,1092620.86,0.14980821526691335,6,6,2017,963273.2270000001,965149.43,1213710.947,1061776.638
2017-06-26,755487.246,0.14555765511890587,0,6,2017,1092620.86,791362.394,768411.759,776896.747
2017-06-27,682358.793,0.2003824753233597,1,6,2017,755487.246,787335.717,729463.714,742522.039
2017-06-28,732145.472,0.34353984914080027,2,6,2017,682358.793,766411.011,786395.909,858105.149
2017-06-29,630990.803,0.18518153742408827,3,6,2017,732145.472,609966.831,660380.16,767043.173
2017-06-30,802287.064,0.25002526028513905,4,6,2017,630990.803,761073.06,834803.495,918430.36
2017-07-01,1207547.401,0.15126081911876849,5,7,2017,802287.064,963273.2270000001,1096135.551,1176198.109
2017-07-02,1296383.217,0.157807282844514,6,7,2017,1207547.401,1092620.86,965149.43,1376518.52
2017-07-03,925324.409,0.15683086557376227,0,7,2017,1296383.217,755487.246,791362.394,912746.976
2017-07-04,832642.561,0.20568137880715417,1,7,2017,925324.409,682358.793,787335.717,806880.433
2017-07-05,844307.613,0.35963798421891047,2,7,2017,832642.561,732145.472,766411.011,843006.085
2017-07-06,700287.037,0.20574326295861448,3,7,2017,844307.613,630990.803,609966.831,667127.801
2017-07-07,805806.114,0.2733158314060645,4,7,2017,700287.037,802287.064,761073.06,795202.136
2017-07-08,998355.193,0.18787367894223994,5,7,2017,805806.114,1207547.401,963273.2270000001,993748.425
2017-07-09,1100847.208,0.18744834387589235,6,7,2017,998355.193,1296383.217,1092620.86,1213710.947
2017-07-10,804162.861,0.190254654150212,0,7,2017,1100847.208,925324.409,755487.246,768411.759
2017-07-11,730622.768,0.2400968279159896,1,7,2017,804162.861,832642.561,682358.793,729463.714
2017-07-12,748804.996,0.3616617122570587,2,7,2017,730622.768,844307.613,732145.472,786395.909
2017-07-13,629764.277,0.19318863334002667,3,7,2017,748804.996,700287.037,630990.803,660380.16
2017-07-14,765532.897,0.27923172973714805,4,7,2017,629764.277,805806.114,802287.064,834803.495
2017-07-15,969079.383,0.1938049826409319,5,7,2017,765532.897,998355.193,1207547.401,1096135.551
2017-07-16,1100805.699,0.18822598682785344,6,7,2017,969079.383,1100847.208,1296383.217,965149.43
2017-07-17,818339.522,0.18141457305785605,0,7,2017,1100805.699,804162.861,925324.409,791362.394
2017-07-18,730174.202,0.22546790690367335,1,7,2017,818339.522,730622.768,832642.561,787335.717
2017-07-19,767982.778,0.36634821907425635,2,7,2017,730174.202,748804.996,844307.613,766411.011
2017-07-20,688354.068,0.20358984498657745,3,7,2017,767982.778,629764.277,700287.037,609966.831
2017-07-21,782457.574,0.26236457134735336,4,7,2017,688354.068,765532.897,805806.114,761073.06
2017-07-22,932914.047,0.17156447640025727,5,7,2017,782457.574,969079.383,998355.193,963273.2270000001
2017-07-23,1024329.7409999999,0.16722081293156557,6,7,2017,932914.047,1100805.699,1100847.208,1092620.86
2017-07-24,816582.327,0.1610648340666329,0,7,2017,1024329.7409999999,818339.522,804162.861,755487.246
2017-07-25,713600.633,0.19962320437011158,1,7,2017,816582.327,730174.202,730622.768,682358.793
2017-07-26,740664.044,0.3533539114260014,2,7,2017,713600.633,767982.778,748804.996,732145.472
2017-07-27,659902.827,0.20870285345815012,3,7,2017,740664.044,688354.068,629764.277,630990.803
2017-07-28,835210.242,0.28493879269263084,4,7,2017,659902.827,782457.574,765532.897,802287.064
2017-07-29,1032322.866,0.2081256669558262,5,7,2017,835210.242,932914.047,969079.383,1207547.401
2017-07-30,1123767.478,0.21871699066913203,6,7,2017,1032322.866,1024329.7409999999,1100805.699,1296383.217
2017-07-31,885872.841,0.18031629327261428,0,7,2017,1123767.478,816582.327,818339.522,925324.409
2017-08-01,988610.763,0.20939530576403403,1,8,2017,885872.841,713600.633,730174.202,832642.561
2017-08-02,964762.016,0.3293730678965703,2,8,2017,988610.763,740664.044,767982.778,844307.613
2017-08-03,728081.485,0.13898245606396653,3,8,2017,964762.016,659902.827,688354.068,700287.037
2017-08-04,827780.686,0.2180523719056668,4,8,2017,728081.485,835210.242,782457.574,805806.114
2017-08-05,965699.65,0.11586493067487391,5,8,2017,827780.686,1032322.866,932914.047,998355.193
2017-08-06,1049580.164,0.1228306997615858,6,8,2017,965699.65,1123767.478,1024329.7409999999,1100847.208
2017-08-07,797496.998,0.12978112677484963,0,8,2017,1049580.164,885872.841,816582.327,804162.861
2017-08-08,717796.736,0.17745263751101814,1,8,2017,797496.998,988610.763,713600.633,730622.768
2017-08-09,734152.674,0.3000918961442072,2,8,2017,717796.736,964762.016,740664.044,748804.996
2017-08-10,651426.417,0.12991498930876177,3,8,2017,734152.674,728081.485,659902.827,629764.277
2017-08-11,826378.7220000001,0.20445451159619762,4,8,2017,651426.417,827780.686,835210.242,765532.897
2017-08-12,792660.677,0.12624906457924365,5,8,2017,826378.7220000001,965699.65,1032322.866,969079.383
2017-08-13,865645.677,0.12917421523725808,6,8,2017,792660.677,1049580.164,1123767.478,1100805.699
2017-08-14,761217.406,0.1278194221953984,0,8,2017,865645.677,797496.998,885872.841,818339.522
2017-08-15,762667.936,0.1795957592217434,1,8,2017,761217.406,717796.736,988610.763,730174.202
